"","sample","batch","R.S(+42.01)YSMEHFRWGKPV(-.98).G","R.RPVKVYPNVAENES(+79.97)AEAFPLE.F","R.RPVKVYPNVAENES(+154.00)AEAFPLEF.K","R.YGGFMTSEKS(+100.02)QTPLVTLFKNAIIKNVHKKG.Q","R.YGGFMTSEKSQTP(-27.99)LVTLFKNAIIKNVHKKGQ","R.RPVKVYPNVAENESAEAFPLE.F","R.YGGFMTSEKSQTPLVTLFK(+109.05)NAIIKNV.H","R.SYSMEHFRWGKPV(-.98).G","R.S(+42.01)YSMEHFRWGKPVG.K","R.Y(+42.01)GGFMTSEKSQTPLVTLFKNAIIKNVH.K","R.YGGFMTSEKSQTPLVTLFKNAIIK(+71.04)N.V","R.S(+42.01)YSM(+15.99)EHFRWGKPV(-.98).G","R.Y(+42.01)GGFMTSEKSQTPLVTLFKNAIIK(+14.02)NVH.K","R.SYSMEHFRWGKPVG(-58.01).K","R.YGGFMTSEKSQTPLVTLFKNAIIKN(+45.99)VHKKGQ","Q.TPLVTLFKNAIIK(+71.04)N.V","Y.S(+42.01)MEHFRWGKPV(-.98).G","Q.TPLVTLFKNAIIK(+109.05)NV.H","S.Y(+42.01)SMEHFRWGKPV(-.98).G","R.Y(+42.01)GGFMTSEKSQTPL.V","R.RPVKVYPNVAENESAEAFPLEF.K","R.RPVKVYPNVAENES(+79.97)AEAFPL.E","R.YGGFMTSEKSQTPLVTLFKN(+45.99)AIIKNVH.K","R.S(+42.01)YSMEHF.R","R.Y(+42.01)GGFMTSEKSQTPLVTLF.K","R.RPVK(+42.02)VYPNVAENESAEAFPLEF.K","R.AEEETAGGDGRPEPSPRE(-.98).G","R.Y(+42.01)GGFMTSEKSQTPLVTLFKNAIIKNVHKKGQ","R.RPVKVYPNVAENESAEAFPL.E","R.RPVKVY(+17.99)PNVAENESAEAFPLEF.K","R.Y(+42.01)GGFMTSEKSQTPLVT.L","R.Y(+42.01)GGFMTSEK.S","Q.TPLVTLFKNAIIKN(+45.99)VH.K","R.Y(+42.01)GGFMTSEKSQTPLVTLFKNAIIK.N","Q.TPLVTLFKNAIIKN(+45.99)V.H","R.Y(+42.01)GGFMTSEKSQTPLVTL.F","R.KYVMGHFRWD.R","E.SAEAFPLE.F","R.Y(+42.01)GGFMTSEKSQ.T","K.SQTPLVTLFKNAIIK(+109.05)NV.H","R.A(+42.01)EEETAGGDGRPEPSPRE(-.98).G","Y.SMEHFRWGKPV(-.98).G","R.RPVKVYPNVAENE.S","R.YGGFMTSEKSQTPLVT.L","E.SAEAFPLEF.K","R.Y(+42.01)GGFMTSEKSQTPLV.T","K.RRPVKVYPNVAENESAEAFPLEF.K","R.Y(+42.01)GGFMTSEKSQTPLVTLFKNAIIKN.V","R.RPVK(+42.01)VYPNVAENESAEAFPLE.F","Q.TPLVTLF.K","R.AEEETAGGDGRPEPSPR.E","E.TPVFPGNGDEQPLTENPR.K","R.YGGFMTSEKSQT(+120.03)PLVTLFKNAIIKNVH.K","R.AEEETAGGDGRPEP(-30.01)SPREG.K","R.R(+27.99)PVKVYPNVAENESAEAFPLEF.K","R.KYVMGHFRWDRFGP.R","S.YSMEHFRWGKPV(-.98).G","H.FRWGKPV(-.98).G","A.EEETAGGDGRPEPSPRE(-.98).G","R.W(+42.01)GNPPKD.K","G.GFMTSEKSQTPLVTLFKNAIIK(+71.04)N.V","R.YGGFMTSEKSQTPLVTLFKNAIIKN.V","R.YGGFMTSEKSQTPLVTLF.K","R.AEEETAGGDGRPEPS(-15.99)PREG.K","R.RPVKVYPNVAENES(+79.97)AEAFPLEF.K","R.S(+42.01)YSMEHFRWGKP.V","R.Y(+42.01)GGFMTSEKSQTP.L","S.AEAFPLEF.K","D.GPYRVEHFRWGNPPKD.K","E.TPVFPGN.G","Q.TPLVTLFKNAIIKN.V","R.KYVMGHF.R","R.YGGFMTSEKSQTPLVTL.F","R.WGNPPKD.K","S.MEHFRWGKPV(-.98).G","T.LFKNAII.K","R.Y(+42.01)GGFM(+15.99)TSEKSQTPLVTLF.K","G.FMTSEKSQTP.L","R.AEEETAGGDGRPEPSP.R","R.SYSMEHF.R","R.S(+42.01)YSM(+15.99)EHF.R","R.Y(+42.01)GGFM(+15.99)TSEKSQTPL.V","V.MGHFRWD.R","R.RPVKVYPNVAEN.E","D.GPYRVEHF.R","A.EAFPLEF.K","R.Y(+42.01)GGFMTS.E","R.RPVKVYPNVA.E","E.EETAGGDGRPEPSPRE(-.98).G","R.AEEETAGGDGRPEPSPR(+14.02)EG.K","R.RAEEETAGGDGRPEPSPRE(-.98).G","R.ELEGEQPD.G","E.S(+79.97)AEAFPLEF.K","R.Y(+42.01)GGFM(+15.99)TSEKSQTPLVTL.F","R.YGGFMTSEKSQ.T","Q.VLEPDTE.K","T.LPVCS(-2.02)GGDC.Q","Q.TPLPELFDR.V","T.LPVCSGGDCQT(-2.02)PLPELF.D","L.SHYIHTLY.T","T.LPVCS(-2.02)GGDCQTPLPELFD.R","Q.TPLPELFDRVVMLSHYIH.T","D.PLFQLITGLG.G","Q.TPLPELFD.R","L.PELFD(-18.01)RVVML.S","T.LPVCS(-2.02)GGDCQTPLPELFDRVVML.S","Q.TPLPELFDRVVML.S","G.LGGIHEAPD.A","P.SLQGVDEE.S","R.LLDEGHDPVHESPVDTA.K","R.SFARAP(-27.99)HLDL.K","R.LLDEGHDPVHESPVDT.A","R.SFARAP(-27.99)HLD.L","R.LLDEGHDPVHE.S","R.LLDEGHDPVHESPVD.T","A.ELDQLLHY.R","D.PLQWKNSDFE.K","D.GVAELDQLLHY.R","L.GALFNPYFDPLQ.W","R.GRGREPGAYPALDSRQE.K","F.NPYFDPLQWKNSDFE.K","L.Q(-17.03)KIAEKFSQR(-.98).G","D.DGVAELDQLLHY.R","L.Q(-17.03)KIAEKFSQ.R","H.DPVHESPVDTA.K","E.LDQLLHY.R","F.NPYFDPL.Q","V.AELDQLLHY.R","R.LLDEGHDPVHESPVD(-18.01).T","L.FNPYFDPL.Q","L.Q(-17.03)KIAEKFS.Q","D.PVHESPVDTA.K","L.LDEGHDPVHESPVDTA.K","R.LLDEGHDPVHES(+42.01)PVDTA.K","H.DPVHESPVDT.A","L.DEGHDPVHESPVDTA.K","R.LGALFNPYFD.P","R.SEES(+79.97)QEKEY.K","L.LDEGHDPV.H","L.LDEGHDPVHESPV.D","L.LDEGHDPVHESPVD.T","L.LDEGHDPVHESPVDT.A","R.S(+79.97)EES(+79.97)QEKEY.K","E.GHDPVHESPVDTA.K","L.DEGHDPVHESPVD.T","L.DEGHDPVHESPVDT.A","L.DEGHDPVHESPV.D","D.LPHLPGLLLF","H.LPGLLLF","L.PHLPGLLLF","R.SVNPYLQGKRLDNVVA.K","R.SVNPYLQGKRLDNVV.A","R.SVNPYLQG(-58.01).K","R.SVNPYLQ(-.98).G","K.SVPHFSEEEKEPE","V.NPYLQGKRLDNVVA.K","K.SVPHFS(+79.97)EEEKEPE","R.SVNPYLQGKRLDN.V","S.VPHFS(+79.97)EEEKEPE","S.VPHFSEEEKEPE","K.LLYEKMKGGQ.R","E.GPNLVARSKEALA","A.TEGPNLVARSKEALA","G.PNLVARSKEALA","R.LVQLAGTQESVDSAKPRVY","L.VQLAGTQESVDSAKPRVY","L.VQLAGTQESVDSAK(+42.01)PRVY","E.SVDSAKPRVY","A.GTQESVDSAKPRVY","R.EGFFRLT.R","L.VQLAGTQESVDSAK(+27.99)PRVY","L.VQLAGTQESVDSAKP.R","Q.LAGTQESVDSAKPRVY","L.VQLAGTQESVDSAKPR.V","L.VQLAGTQESVDSAKPRV.Y","E.SVD(-18.01)SAKPRVY","L.AGTQESVDSAKPRV.Y","L.AGTQESVDSAKPRVY","L.AGTQESVDSAKP.R","Q.ESVDSAKPRVY","L.AGT(-18.01)QESVDSAKPRVY","E.SVDS(+42.01)AKPRVY","Q.LAGTQESVDSAKP.R","Q.LAGTQESVDSAKPR.V","G.TQESVDSAKPRVY","R.MDQLAKELTAE.K","R.WSRMDQLAKELTAE.K","R.AYGFRDPGPQL.R","R.MDQLAKELT.A","G.FRDPGPQL.R","R.WSRMDQLAKELT.A","R.LEGEDDPDRSM.K","A.SLDKFLA.S","D.PVNFKFL.S","A.SLDKFLASVSTVLTSKYR","H.ASLDKFLA.S","F.TPAMHASLDKFLA.S","F.TPAMHASLDKFLASVSTVLTSKYR","H.ASLDKFLASVSTVLTSKYR","V.STVLTSKYR","D.KFLASVSTVLTSKYR","A.SVSTVLTSK(+42.01)YR","D.FTPAMHASLDKFLASVSTVLTSKYR","K.FLASVSTVLTSKYR","A.SLDKFLAS(+42.01)VSTVLTSKYR","M.VLSADDKTNIKN(-18.01).C","A.SVSTVLTSKYR","M.VLSADDKTNIKN.C","M.VLSADDKTNIK.N","F.T(-15.99)PCAQAAFQKVVAGVASALAHKYH","M.VHLTDAEKAAVN.G","M.VHLTDAEKAAVNG.L","C.AQAAFQKVVAGVASALAHKYH","F.TPC(+305.07)AQAAFQKVVAGVASALAHKYH","K.EFTPC(+28.99)AQAAFQKVVAGVASALAHKYH","V.ASALAHKYH","Q.AAFQKVVAGVA.S","Q.AAFQKVVAGVASALAHKYH","D.SFGDLSSA.S","A.GVASALAHKYH","A.AFQKVVAGVASALAHKYH","A.QAAFQKVVAGVASALAHKYH","K.VVAGVASALAHKYH","M.VHLTDAEKA.A","M.VKVGVNGF.G","Y.SNRVVDLMAYMASKE","M.VKVGVNGFG.R","M.VKVGVNGFGRIG.R","N.SFVN(+.98)DIFERIAG.E","A.Q(-17.03)EPGAPAAGM.R","A.QE(+57.02)PGAPAAGM.R","A.Q(-17.03)EPGAPAAGM(+15.99).R","A.LLNKYGLL.V","A.KAGCSPL.M","R.YGGFLRKYP.K","R.YGGFLRRI.R","R.YGGFLRRQFKVVT.R","R.SQENPNTYSEDLDV","R.YGGFLRKYPK.R","R.SLSAASAPLAETSTPL.R","R.LENSSPQAPARRLLPP","R.AVDQDLGPEVPPENVL(-.98).G","L.SAASAPLAETSTPL.R","G.SSEPEAAPAPRRL.R","L.GPEVPPENVLGALL.R","R.SLSAASAPLAETSTPLRL.R","R.LENSSPQAPA.R","R.SLSAASAPLAETSTP.L","L.GPEVPPENVLGALLRV.K","R.LENSSPQAPARRL.L","S.APLAETSTPL.R","A.ASAPLAETSTPLRL.R","R.AVPRGEAAGAVQELARALAHL.L","MQIFVKTL.T","MQIFVKTLTGK.T","S.TLHLVLRLRGG.A","MQIFVKTL.T.1","MQIFVKTLTGK.T.1","S.TLHLVLRLRGG.M","MQIFVKTL.T.2","MQIFVKTLTGK.T.2","S.TLHLVLRLRGG.I","MQIFVKTL.T.3","MQIFVKTLTGK.T.3","S.TLHLVLRLRGG.M.1","A.FPKPEGSQDKSLHN.R","R.ELSAERPLNEQIAEAEADKI.K","R.ELSAERPLNEQIAEAEAD.K","A.FPKPEGSQD.K","S.SAVMALQEA.C","M.S(+42.01)ILKIHAREIFD.S","R.SFRNPLAK","M.PMFIVNTNVPRA.S","N.AKVAVLGA.S","N.AKVAVLGASGGIGQPL.S","A.SLKPEFVDIINAKQ","Q.TFYLGGF.S","Q.TFYLGGFS(-.98).G","F.YLGGFSG(-58.01)","Y.HSNLFRGQ.D","F.Q(-17.03)ELGKLTGPSNQ.K","Y.PELMNTNQL.K","R.TNEIVEEQYTPQSL.A","L.KAGEKPNGLVEPEQDLEL.A","M.YEENSRENPF.K","R.IPAGSLKNED.T","E.SVFQELGKLTGPSNQ.K","R.IPAGSLKNEDTPN.R","F.QELGKLTGPSNQ.K","R.TNEIVEEQYTPQSLATLE.S","L.NQEQAEQGREHL.A","L.NQEQAEQGREHLA.K","A.ASFQRNQLL.Q","M.YEENS(+79.97)RENPF.K","A.Q(-17.03)EDAELQP.R","M.A(+42.01)AYKLVLIRHGE.S","M.A(+42.01)AYKLVLIRH.G","R.IKMALQQEGFD.R","K.TPLVTIQS(+6.01).S","Q.ALLFLMALL.L","Q.ALLFLMALL.L.1","K.ALLFLMALL.L","G.TAYAIYMLAMAAFPKKQN","R.TLYGFGG","Q.GRTLYGFGG","G.RTLYGFGG","K.TVTAMDVVYALKRQGRT(+114.04)LYGF.G","K.TVTAMDVVYALKRQGRTLYGFGG","R.PHFLYPK.S","R.PHFLYPKSRLV.R","I.PDKGSLT.L","R.SANSNPAMAPRE.R","A.LLRALASSNARAQQ.R","F.T(-15.99)PCAQAAFQKVVAGVASALAHKYH.1","C.AQAAFQKVVAGVASALAHKYH.1","F.TPC(+305.07)AQAAFQKVVAGVASALAHKYH.1","K.EFTPC(+28.99)AQAAFQKVVAGVASALAHKYH.1","V.ASALAHKYH.1","Q.AAFQKVVAGVA.S.1","Q.AAFQKVVAGVASALAHKYH.1","A.GVASALAHKYH.1","A.AFQKVVAGVASALAHKYH.1","A.QAAFQKVVAGVASALAHKYH.1","K.VVAGVASALAHKYH.1","M.VHLTDAEKA.T","G.GKILGFFF","G.SAVISLEGKPL","R.AALDLDM.R","R.AALDLDMR.K","D.PESAFSE.R","A.FPAMPLSSLFAN.A","A.FPAMPLS.S","A.FPAMPLSSLFANAVLRAQHLHQLAA.D","G.SPRIGQILKQ.T","A.FPAMPLSSLFA.N","R.SDD(-18.01)ALLKNYGLL.S","A.FPAMPLS(+42.01).S","A.FPAMPLSSLFANAVLR.A","R.TDMELLRF.S","A.FPAMPLSSLF.A","A.FPAMPLSSLFANAVLRAQHLHQLAAD.T","A.FPAMPLSSLFANAVLRAQ.H","D.ALLKNYGLL.S","A.FPAMPLSSL.F","A.FPAMPLSS(-18.01)L.F","A.FPAMPLS(-18.01)SLFAN.A","A.FPAMPLSSLFANAVLRA.Q","A.FPAMPLSSLFANAVLRAQHLH.Q","A.FPAMPLSSLFANAVLRAQH.L","A.FPAMPLSSLFANAVLRAQHLHQLA.A","L.SSLFANAVLR.A","Q.TYDKFDANMR.S","A.FPAMPLSSLFANAVLRAQHLHQLAADTYKE.F","A.FPAM(+15.99)PLSSLFAN.A","D.TYKEFERAYIPEGQRY.S","A.FPAMPLSSLFANAVL.R","A.FPAMPLSSLFANAVLRAQHLHQLAADTYK.E","A.FPAMPLSS.L","A.FPAMPLS(-18.01).S","A.FPAMPLSSLFANAVLRAQHLHQL.A","R.SDDALLKNYG.L","A.FPAM(+15.99)PLSSLFANAVLRAQH.L","L.SSLFANA.V","A.LLKNYGLL.S","A.FPAM(+15.99)PLSSLFANAVLRAQHLH.Q","A.FPAMPLS(+42.01)SLFAN.A","T.DMELLRF.S","A.FPAM(+15.99)PLSSLFANA.V","A.FPAMPLS(+42.01)SLFANAVLRAQHLH.Q","A.FPAMPLSSLFANAVLRAQHLHQ.L","A.FPAMPLS(-18.01)SLF.A","A.FPAM(+15.99)PLSSLFANAVLRAQHLHQLAA.D","A.FPAMPLSSLFAN(+21.98).A","Q.ALMQELEDG.S","Q.ALMQELED(-18.01)G.S","A.LMQELEDG.S","F.PAMPLSSLFAN(+15.00).A","G.SPRIGQILK.Q","L.GPVQFLSRIF.T","A.FPAM(+15.99)PLSSLFANAVLR.A","A.FPAMPLSS(+42.01)LFANAVLRAQH.L","A.FPAMPLSS(+42.01)L.F","A.FPAMPLSSLFA(+21.98).N","A.FPAMPLSS(+42.01)LF.A","A.FPAMPLSS(-18.01)LFA.N","G.PVQFLSRIF.T","A.FPAMPLSSLF(+21.98).A","A.FPAMPLSS(+42.01)LFA.N","A.FPAMPLS(+42.01)SLFANAVLR.A","A.FPAMPLSSLFANA.V","D.TYKEFERA.Y","M.S(+42.01)KGPAVGIDLG.T","V.FVAPAVT.P","E.AEEEM(+15.99)VPEGPGPLGPWGP.Q","R.YKVNEYQGPVAPSGGFFLFRPRN(-.98).G"
"1","Pituitary_08",1,7930000,3700000,1230000,2070000,3810000,2120000,2040000,1530000,744000,934000,343000,663000,439000,545000,312000,670000,689000,619000,613000,378000,7140000,341000,368000,1100000,472000,114000,4490000,275000,119000,273000,1330000,179000,372000,150000,146000,678000,842000,30900,186000,146000,20000,476000,147000,81900,97900,73300,142000,672000,85900,51200,56300,98000,8910,45900,56300,102000,323000,60300,39100,80400,66400,24500,30800,110000,8380000,106000,59100,103000,229000,12353.75,63500,127000,50400,34400,238000,9300,137000,19964,17100,14800,13500,1970,25100,28000,29700,71200,20200,21400,10300,7100,5870,22400,11800,20500,4170,6780,28600,11900,49600,47600,35600,43100,6299,30100,56800,116000,19100,12300,4150,702000,476000,182000,148000,62000,3460,60000,135000,65300,76900,38600,27300,32000,19400,27700,32600,21500,38730,5230,562,15600,14717.125,26700,32500,27580,8270,18300,3810,8900,11500,11500,9360,11000,8700,4280,5280,5120,5810,81300,35300,3307.875,280000,55200,53400,91000,50300,20800,36100,27442.8571428571,23100,8620,14500,47900,42000,12300,54700,780000,20900,63000,42016.6666666667,53500,38671.25,32000,44900,2250,16000,10900,10400,127000,3940,7560,1580,15600,3915.71428571429,1100,136000,45900,52300,79100,76600,26600,30400,10900,151000,53200,226000,87500,29100,61700,26000,11900,6030,24400,80200,9300,33000,12400,141000,3330,3820,92300,57900,66600,115000,20000,20000,24700,12500,174000,36600,86900,111000,82600,12800,3100,30100,22800,34100,23500,75800,357000,55400,12900,27400,9100000,195000,222000,266000,32800,96300,296000,188000,114880,16900,56600,30100,233000,18600,21000,18800,16500,7540,6092.5,7730,56200,28400,11600,56200,28400,11600,56200,28400,11600,56200,28400,11600,104000,30100,18092.2222222222,11500,17000,19163.3333333333,13400,86200,20100,5850,27700,573000,111000,6690,58000,109000,64900,59400,39400,36600,16800,98700,16400,14500,20700,15200,13600,25300,19900,2520,41300,15900,212000,13700,42700,42700,42700,66400,14000,97500,74000,38900,38900,67500,22000,126000,8810,26000,92300,115000,20000,20000,24700,12500,174000,86900,111000,82600,12800,3100,8840,38500,35100,37900,30900,440000,3210000,582000,273000,231000,1290,573000,404000,105000,326000,1530000,2e+05,42700,233000,237000,53100,217000,908000,594000,867000,85900,62000,171000,106000,21100,174000,141000,278000,58800,638000,48000,63000,13000,27400,62200,89300,42800,76900,52200,559000,20700,65414.2857142857,16300,50500,82200,29100,23200,24100,44200,28900,28500,24403,6820,2420,11000,25700,7240,9340,33600,274000,1810,52500,76800,282000,137000
"2","Pituitary_02",1,7520000,968000,579000,1030000,1840000,896000,461000,658000,483000,323000,71800,413000,169000,210000,249000,369000,386000,308000,198000,160000,2950000,139000,47900,888000,60800,50100,1400000,239000,178000,93600,612000,40100,183000,30900,117000,328000,312000,192000,90100,143000,23600,1140000,36100,26100,50500,35900,72866.6666666667,229000,49200,34800,13300,55046,20713.3333333333,13400,44300,54700,166000,36200,9920,36700,55300,17951.4285714286,17794.4444444444,28200,2330000,36700,18400,69600,117000,1720,16900,74800,34300,23100,142000,42400,2870,4000,5460,10100,7190,6240,7960,13200,8900,61800,15200,9510,4530,4210,1920,5060,2100,15900,7330,3710,23400,8720,27300,58300,22800,125000,8361.11111111111,37300,10600,119000,11300,4114.14285714286,5790,351000,349000,92200,99900,33100,31884.375,28100,29700,46700,71700,19400,20420,20300,17156.25,18700,6340,17417,36230,36300,17800,16300,14956.6666666667,8390,9630,2382.6,29700,2750,6138.88888888889,4350,3420,4360,5040,3360,4850,1920,3173,2764.28571428571,1947.85714285714,91400,48600,8520,208000,77000,72400,108000,13800,12200,24600,26000,16800,11400,1940,97100,92700,12200,103000,851000,42400,74300,50600,76700,83000,31100,26600,31200,12300,3490,3290,88600,2200,7180,3550,2820,2562.625,1787.5,178000,48600,31880,98600,35200,16300,21112.5,3180,86000,85700,1050000,85700,35000,401000,160000,61600,46000,64900,69600,66900,17500,13200,555000,13900,5870,410000,87000,63300,125000,65400,65400,39300,20300,609000,2410,143000,447000,290000,49000,10500,37200,44900,41900,48200,204000,260000,63600,6950,9420,15200000,235000,233000,370000,15800,69900,144000,193000,153000,40500,32200,22562.8571428571,115000,18400,31300,15000,7800,5540,26400,7640,131000,62900,12123.75,131000,62900,12123.75,131000,62900,12123.75,131000,62900,12123.75,41700,12900,15200,4900,2500,74600,11000,135000,11800,17300,84000,236000,187000,39000,15100,104000,57000,16892.2222222222,74000,14500,20100,132000,10800,9880,928,9380,7240,24200,13500,29490,66000,35400,148000,6740,66100,66100,66100,60800,276000,170000,88400,82500,82500,24100,19300,50200,3328.75,9910,410000,125000,65400,65400,39300,20300,609000,143000,447000,290000,49000,10500,9240,55400,59300,54100,16000,1240000,6630000,1840000,159000,860000,204282,236000,1220000,47500,732000,2660000,126000,66700,756000,228000,32800,310000,3110000,1960000,2340000,151000,33100,392000,89700,132000,137000,423000,937000,70400,1820000,82000,180000,31600,53500,150000,31700,37800,71700,90600,1820000,63800,94700,37800,74500,21970.5,24600,59000,24800,45600,30000,24300,21000,49800,31700,49400,21000,34700,19400,25000,741000,2540,56100,103000,102000,157000
"3","Pituitary_19",1,194000,86900,16800,96000,166000,84700,830500,181000,31300,98920,4150,5600,93044.4444444444,60900,11800,146070,8770,146500,5470,2680,103000,16200,153500,18500,706,34436,731000,57940,15100,229,17400,46000,97922,19914.2857142857,45731,20600,9580,12200,152,43322.2222222222,34900,27200,48511,47400,1540,4630,17100,86950,602,512,5000,7190,23575,6310,12416.5555555556,25703,11200,6180,17900,24144.4444444444,13943,14058,4570,20800,104000,2190,3340,6350,59871,9590,14523,52090,109000,23713.75,3790,14565.5555555556,185,1930,7170,8310,12300,286,9511.42857142857,8036,7769,3340,97,8086,7390,4360,1390,1360,1988.5,3050,3522.5,1500,563,9340,57100,751,34300,18900,12865.3333333333,1310,9190,1770,25213,3213.2,2222.3,578000,276000,142000,145000,7530,86600,140000,27500,67500,28100,31900,43700,34500,9898.71428571429,22300,62400,23600,41500,22000,37000,25900,21300,9560,28800,13100,14700,25600,3060,8940,12400,19900,12600,6980,5660,15100,7550,9580,424,11710,1890,1862.22222222222,228000,42800,81400,104000,44300,68800,31900,15700,31700,44700,2798.1,14800,6870,6930,28920,426400,28906,43210,25209,30300,20498.75,16500,23244,13219,9383,6238.3,6804.44444444444,102330,4407,2846.7,3971,2972.14285714286,1996.66666666667,2655.875,76010,21200,19200,11000,15500,6580,8790,3284.11111111111,42500,126196,773,61500,44855.5,25279,8520,2440,9458,8756.66666666667,15016.6666666667,7529,4476.66666666667,2210,24400,4760,1580,49340,19300,12900,40150,8048,8048,5430,14675.5555555556,69133,8290,18800,69140,37420,957,571,14700,580,12638.2857142857,4420,4740,220000,56100,9170,13348.6,843000,5590,103520,116650,4410,48122,237000,122000,76900,23100,6860,20700,141000,10000,7710,9930,4020,7810,4780,1687.36,14000,5610,5501.875,14000,5610,5501.875,14000,5610,5501.875,14000,5610,5501.875,192000,19300,26100,14400,8920,12668.3333333333,1500,12200,924,1200,5350,31900,1160,28100,445,38000,37800,24100,9990,32200,2640,46200,21800,12800,10900,4660,4220,9938.33333333333,3340,27025,4420,12092,13500,5480.44444444444,68808,68808,68808,15822,33900,44400,29300,14010,14010,1920,8437.5,2670,2359.11111111111,1030,49340,40150,8048,8048,5430,14675.5555555556,69133,18800,69140,37420,957,571,464,7330,4090,2660,2750,196000,487000,4190,1700,129000,24.6,31900,26300,2850,42100,3700,260,69178,153000,39500,43500,811,14800,12100,4070,47153,7530,23491.4285714286,27100,63339,20190,24775,135000,37996,3990,4320,3590,2910,43035.6,25202,1110,6350,28100,14216,8410,9230,17734.2857142857,10700,756,2150,800,6290,12981.1111111111,24277.7777777778,2520,5684,3340,10400,738,5020,20538.6,5678.57142857143,4190,3409.11111111111,99600,1881.7,4430,3910,80900,19600
"4","Pituitary_29",1,3090000,2310000,637000,563000,972000,1750000,389000,327000,519000,967000,319380,352000,281000,91500,337955.555555556,1350000,249000,1300000,185000,135000,5380000,201880,225620,1040000,129000,39900,1580000,184000,134000,169000,466000,701000,333000,25400,105000,266000,258000,309000,680000,223000,14700,610000,177000,16800,646000,53200,79983.3333333333,172000,106925,333000,20100,376000,61363.75,36400,279000,53085.7142857143,356000,20800,13100,30700,6040,24751.25,41050,23100,4370000,28846.6666666667,17200,82800,161000,143000,133000,120000,59400,6360,318000,1150,40855,22200,5410,13900,18100,13862.5,14666.6666666667,57500,24200,219000,69600,29600,1840,4800,2060,18100,9250,40300,10549.125,8950,1530,449000,183000,219000,128000,1320000,82800,427000,45500,15200000,6030000,15000,26700,205000,434000,70300,142890,282000,68512.5,206000,38633.3333333333,50080,38423.3333333333,18000,19200,10800,34433.75,21898,12300,85200,47775,146000,13511.1111111111,14100,11600,12100,12090,51666.6666666667,9400,2330,14400,2810,6063.33333333333,7653.33333333333,6432.5,6906.66666666667,1770,2030,5065,3832.85,3945.83333333333,47300,28300,3370,176640,45940,52000,81700,26825,33800,23800,28960,8360,13400,5220,206000,32200,38200,29300,427000,51924.2857142857,102000,86300,13900,36628.75,19900,17400,24107.7777777778,3040,35200,9140,54200,2130,7520,2900,10200,3724.42857142857,2290,208000,40500,48400,17500,99600,21734.4444444444,28680,5537.5,1020000,501000,494000,96900,122122.222222222,152000,72800,38600,132000,53900,18200,28300,36500,17100,362000,35700,5540,6e+05,120000,105000,171000,169000,169000,79200,76300,305000,104000,205000,45700,145000,42900,4150,134000,175000,141000,74200,341000,236000,52247,8403.33333333333,218000,6490400,91100,109000,33000,26800,44400,242000,20100,192000,31033.3333333333,76100,20300,54800,8690,18363.3333333333,18413.75,8268.57142857143,7090,14900,7750,228000,63800,23700,228000,63800,23700,228000,63800,23700,228000,63800,23700,61500,4900,3330,6560,110000,57800,78600,672000,57300,64600,208000,591000,438000,45622.2222222222,12451.25,81700,1e+05,22000,30408.5714285714,11400,21272,46700,20200,2980,13000,9146,11031.1111111111,17617.1428571429,8207.5,46972.2222222222,259000,65400,1470000,21200,399000,399000,399000,278000,1870000,249000,272000,408000,358000,38700,17638.5714285714,53677.7777777778,3902.4625,13986.25,6e+05,171000,169000,169000,79200,76300,305000,205000,45700,145000,42900,4150,33000,130000,136000,135000,35300,1650000,10800000,1180000,1540000,950000,801000,591000,1490000,914000,1270000,7470000,506000,415000,860000,237000,107000,649000,2570000,1960000,2300000,389000,282000,142000,172000,544000,343000,148000,898000,189000,1790000,159000,92003.75,124000,218000,38400,287000,137000,54926.6666666667,92000,1450000,25500,37500,39700,398000,29700,120000,21600,94900,187000,26300,24300,61800,66500,21200,41000,122000,50100,30700,40700,890000,8580,157000,37600,118000,97700
"5","Pituitary_04",1,855000,294000,693000,9610,9610,94000,31500,27400,80400,50400,27500,39900,16200,26000,196960,93900,46800,42200,29900,72700,705000,35900,1850,120000,267000,9370,744000,112071.428571429,9080,42500,125000,44500,19800,6550,21100,163000,3290,120397.5,40700,2830,6610,34300,75301,5910,115000,25400,50800,67000,33544.7777777778,37300,14300,8640,20135.5555555556,7310,30598.5714285714,38016.25,16600,28422.2222222222,15900,13100,34075,16856.25,8670,9030,2530000,28707.7777777778,10200,21300,82871,25800,10400,43900,19700,22766.6666666667,15600,3350,34700,9420,4880,2650,9440,7266.25,14932,3000,12353,36900,9200,3130,4600,4850,1090,6200,6630,21600,5387.22222222222,3840,21400,12800,61900,4270,36300,372,6920,23300,2380,173000,113000,3958.14285714286,917,80400,59900,44700,103000,199000,24139.2857142857,1830,44300,61800,69900,19922.2222222222,42700,14000,23100,8380,1760,25500,6070,4790,1410,19500,8210,8040,8030,582.6,5960,5980,16300,5970,5460,1890,2620,1290,4480,2760,264,2690,118,35500,54300,2770,60500,15300,24700,50100,8050,10000,11500,18500,5540,5600,2650,15300,16900,8042,17300,120000,27907.5,65000,26134.2857142857,22600,28908.5714285714,9180,23426.6666666667,6380,9286.66666666667,18700,6827.77777777778,38000,5100,5050,748,2250,202,1304.25,49600,278,26964,27500,1380,1850,28700,4960,520000,112000,6500,19200,56900,85200,33883,7250,10100,5530,38167.1428571429,2420,17609,5640,57700,4420,5220,6540,33200,23100,61130,30190,30190,13500,28500,171550,17200,42900,14100,10300,15670,3000,16700,6030,23900,6950,274000,93600,32500,6752.5,2490,18100000,31400,26200,140880,15500,13700,197000,50600,118000,17400,50900,50300,89500,13500,24400,14500,9360,4030,9599.25,3718,12300,809,11364.375,12300,809,11364.375,12300,809,11364.375,12300,809,11364.375,35800,1910,12800,8320,25600,34130,15500,45200,25500,4850,15000,359000,88000,32966.6666666667,1090,37600,17600,3970,21400,10400,21300,33500,5370,8280,5350,10100,11100,7080,6170,1480,16700,4740,57000,8590,221000,221000,221000,38500,371000,44700,55200,79237.5,79237.5,3780,10895,34500,3220,11728.8888888889,6540,61130,30190,30190,13500,28500,171550,42900,14100,10300,15670,3000,4040,35500,27000,24453.75,9800,1140000,4180000,11300,627000,683000,425000,359000,362000,470000,917000,79100,101000,223000,356000,101000,74100,129000,57300,228000,23700,102000,199000,90588.8888888889,136000,103000,142000,89873.3333333333,231000,177000,11800,137000,15100,71500,110000,58640,77800,55600,69900,36211.1111111111,46200,42600,46583.3333333333,52500,101000,9530,17900,31600,43400,50400,16900,2300,6940,22300,22800,24000,55400,19300,16700,8270,512000,8370,65000,54100,72400,68650
"6","Pituitary_11",1,574000,585000,1130000,374000,674000,203000,430000,71500,149000,354000,196000,44900,359000,24700,113000,44700,19100,18000,40000,209000,1450000,110000,131000,293000,1090000,42600,463000,27200,28600,30400,523000,17700,8120,72800,7510,390000,66100,38107.5,11700,17200,23300,65300,4610,9940,8240,65000,28600,431000,5450,4240,13700,4020,10100,7360,19500,9720,38200,19030,8810,11800,25400,9190,18496.6666666667,26000,4410000,2510,18900,20100,1810,4450,1300,15400,21300,13355.5555555556,27700,3730,89200,4410,5620,2560,2450,10600,8238.88888888889,1040,1120,15600,1890,1510,741,848,1070,66.7,3900,35100,282,907,171000,3170,31200,22161.1428571429,24900,8300,9394.88888888889,20235.7142857143,3910,99600,5440,298,637,75500,28500,21100,13900,1870,39790,8790,25500,49075,35700,4880,22200,2190,15600,2090,5370,3700,18100,11838.75,4980,4490,2780,178,1700,1100,2940,1930,3570,1360,1030,548,587,834,544,1160,908,650,663,4060,2780,1818.42857142857,40500,10200,13400,18500,4810,3660,4370,3600,2440,3330,661,4540,1720,1110,12100,164000,10200,2700,6190,3520,3490,7650,3400,5480,2650,103,1660,41800,1860,1040,1720,325,1630,877,14600,8390,8120,9120,1310,8281.66666666667,2350,569,3930,1960,118000,5950,745,44500,13300,2330,4380,7153.75,46300,3780,9060,3130,25800,1100,614,38600,9520,4070,22200,9780,9780,2510,1480,21300,419,10400,19700,15100,7176.25,62.5,5340,4690,9946.625,1590,6690,44900,29100,2500,766,1200000,31100,29400,38000,2400,5720,105000,16400,39300,35501.1111111111,1460,15300,47900,3860,3990,9740,347,869,3622.125,2500,9070,6110,415,9070,6110,415,9070,6110,415,9070,6110,415,16900,9724.44444444445,5300,1510,12200,4110,441,12000,607,1230,2050,52600,15700,9510,24300,6260,7300,9400,4110,1660,3390,15600,2490,1740,6130,402,174,6861.42857142857,605,16800,2400,9045,23600,4211.77777777778,2780,2780,2780,7230,34300,13700,7510,20200,20200,6130,2360,4750,467,3720,38600,22200,9780,9780,2510,1480,21300,10400,19700,15100,7176.25,62.5,1020,5190,17317.5,1370,3780,368000,468000,264000,3060,204000,91876,52600,207000,101586.666666667,71800,282000,46200,2780,139000,40000,49900,25500,391000,205000,312000,7730,1870,56500,48800,4390,23377,42500,91100,2660,256000,1550,42800,5460,766,38500,8700,7860,35700,20700,224000,13100,50100,10300,4290,1820,117,9440,8866.25,17561.1111111111,10100,8740,11400,11700,11200,5970,586,8250,8530,3010,3810,87,9890,21700,58200,9250
"7","Pituitary_34",1,7970000,3910000,1250000,3230000,6010000,2890000,1880000,1830000,687000,911000,227000,480000,1370000,661000,9e+05,116000,255000,165000,549000,433000,6660000,243000,213000,525000,279000,489000,5700000,5300,126000,82200,1050000,23300,145000,99000,31400,626000,783000,38683.75,53000,73400,38200,809000,73400,48300,36600,128000,86800,541000,340000,11800,56000,5500,139000,77500,63566.6666666667,79600,430000,89800,49600,95200,24500,11300,72928.5714285714,665000,8040000,42900,62900,51000,167000,9540,8090,145000,51700,22200,247000,34900,43400,53500,19600,7350,7560,17600,2260,15500,15400,58200,6590,15300,15000,16500,18000,16300,5230,67200,9060,6000,32900,16361.6666666667,37492.5,86360,39500,3680,1690,33410,18017.5,213352.222222222,28513.3333333333,11000,10300,728000,355000,218000,225000,18900,124000,33700,51300,52460,13100,45500,36500,52800,20200,22600,34200,19300,29700,14100,36700,29400,27800,20000,19400,64800,13300,31100,2310,10000,9860,16500,14200,16700,10700,5560,10300,6696.66666666667,7810,17600,2550,563,336000,86800,102000,129000,63100,39800,46100,63800,56400,27100,9910,6180,28921.1111111111,13200,80800,583000,46100,24400,38800,33967,17200,15700,12200,27700,11400,1030,9819,154000,2500,3770,1320,14100,7110,2160,55400,56300,99300,40000,34700,25900,60600,16700,36900,21581,276145,63000,24400,97614.4444444444,42723.3333333333,16176,10592.2222222222,1590,9430,23727.5,1840,10757.5,9480,10300,583,78638,6740,6230,3680,26055.5555555556,26055.5555555556,21396.6666666667,1650,2250,22408.5714285714,10300,89733.3333333333,44305,10126.25,3011.3,3460,4020,18490,1560,7830,399000,122000,13000,4430,1370000,255000,223000,289000,19100,135000,420000,292000,183000,33800,22900,52200,245000,26300,11500,34300,19800,15600,9460,6430,13400,9400,3840,13400,9400,3840,13400,9400,3840,13400,9400,3840,174000,16000,31100,16200,18273.3333333333,4110,971,1510,1750,6045.55555555556,15491.1111111111,208000,68522.1666666667,62800,21400,81800,49300,129000,31400,52500,16000,70000,14800,23700,15500,23700,37200,11000,26700,106000,18216,8714.28571428571,78400,10460.3333333333,1580,1580,1580,5220,65700,66970,9780,4750,4750,58600,18900,81100,2790,26900,78638,3680,26055.5555555556,26055.5555555556,21396.6666666667,1650,2250,10300,89733.3333333333,44305,10126.25,3011.3,5568.625,21291.25,3940,7610,37000,65900,559000,59900,7890,21900,1166.71428571429,208000,38800,4600,27600,90900,9120,1580,59400,30800,16600,6450,110000,58500,67800,36240,18900,14400,63342.2222222222,46633.3333333333,64150,33500,109000,9870,55800,2480,56867.7777777778,23133.3333333333,4430,6230,43900,21900,13100,34000,94700,1690,54530,1160,308,22764.125,9500,1220,814,11967.1428571429,1560,24000,11400,18110,2160,722,673,16713.75,7780,25200,322490,548,689,80100,343000,178000
"8","Pituitary_06",1,5610000,2150000,756000,612000,1090000,1270000,910000,575000,605000,506000,315000,250000,123000,161000,226500,975000,341000,583000,282000,502000,3800000,254000,76600,873000,428000,51500,965000,95133.3333333333,193000,166000,1180000,325000,393000,109000,1740,716000,356000,71944.4444444444,251000,71400,14200,197000,158000,179000,347000,144000,78720,477000,42516.6666666667,165000,22500,168000,23300,30400,36000,34940,210000,21400,22700,32800,19100,42000,26000,25800,4260000,31600,39500,55300,13500,83200,113000,105000,92800,23900,263000,17400,46500,23800,5510,18300,14100,14000,12029,33800,19700,103000,41500,17000,2790,18700,6260,16600,15500,11500,3372.625,3530,55500,67900,20600,68900,122000,74400,9630,11800,13397.875,1070000,387000,2088.6,1393.5,330000,335000,131000,226000,209000,62700,78000,18600,51314.2857142857,84100,17000,32400,40800,81700,31600,22900,23436,13687.7777777778,22900,12000,26300,33100,15300,15200,13715.5555555556,12178,7420,20200,3690,5430,5500,5490,4132.5,2750,2070,1150,3590,2351.77777777778,75100,64500,8240,184000,24300,75200,184000,13000,28900,24700,46700,9150,13651,2540,107000,124000,16700,29300,639000,39475,87200,92400,72500,30400,30300,14300,18800,17200,31500,9003.75,107000,5080,7730,1120,14700,551,2428,173000,63100,26850,32996.25,69900,35700,19522.2222222222,1280,947000,348000,156000,75600,432000,10600,22000,19300,42500,43500,18600,11473,15300,9970,186000,3320,945,208000,101000,105000,72500,61800,61800,41100,58200,183000,53500,128000,148000,66300,24300,4140,56400,44300,66100,35200,428000,195000,36400,2160,5400,110000,95200,99500,133000,14300,61900,284000,92400,196000,35800,96900,34400,144000,11700,33400,19500,7790,5350,9870,3952.85714285714,155000,19700,20100,155000,19700,20100,155000,19700,20100,155000,19700,20100,49400,10600,5560,10900,51100,134000,46300,313000,39900,17500,196000,98100,302000,25200,450,170000,9750,51500,35166.6666666667,23900,19600,84500,10300,10400,10900,4570,3720,8340,1640,33800,88100,41900,213000,30900,253000,253000,253000,124000,999000,198000,169000,94100,94100,45800,7920,68800,9210,13033,208000,72500,61800,61800,41100,58200,183000,128000,148000,66300,24300,4140,17100,107000,24857.5,73100,27500,1170000,7110000,57000,1290000,480000,491000,720000,682000,731000,1080000,2290000,177000,259000,632000,331000,261000,592000,785000,683000,766000,242000,209000,33200,184000,477000,312000,29200,555000,242000,502000,188000,56600,23334.4444444444,183000,35400,110000,96000,84100,31000,515000,35300,24700,38400,190000,19800,4250,49700,66800,162000,19700,16100,24800,19600,35400,36000,147000,18200,24900,63200,523000,11000,196000,129000,136000,69700
"9","Pituitary_18",2,398000,429000,781400,875761,1583061,208000,110000,90900,127000,619000,220811.111111111,35400,147420,39100,195450,415000,242030,230000,202360,14200,734000,72000,139638.888888889,166000,43800,57585.5555555556,272000,152433.333333333,82886.6666666667,26300,271000,172000,205000,46446.5,151000,187000,57500,302000,139633.333333333,84223,43804,103000,41100,43831,715000,1730,55240,74500,42300,260000,8320,17800,22531.4285714286,14900,15800,47433.3333333333,127660,4730,3580,16800,33578,18893.3333333333,28900,69543,1460000,35971.4285714286,7420,51100,103588.888888889,166000,61400,75300,37262.2222222222,20422.8571428571,5750000,15070,29300,25100,4740,10869,85300,12100,14932,19257.7777777778,27200,170000,56000,15000,514,5711,1110,3100,10900,16686,6113.28571428571,4690,106000,669000,2930,94800,7690,178000,608000,540000,132000,1800000,8890000,6058.42857142857,27800,685,251380,88497,187000,413000,24379.1666666667,164000,47900,54612.5,49396.25,21690,20800,18211.1111111111,17341.6666666667,23320,11741.2,11800,29700,50600,10480.2222222222,16400,17800,27200,11858.75,18396.0413793103,11756,7520,65400,5142,5690,913,5000,4055.71428571429,3900,2960,2782.33333333333,2736.66666666667,2126,184000,190000,19500,147366.666666667,43811.1111111111,44120,45200,22392.8571428571,18793,17075,21583.3333333333,11943.3333333333,8797.77777777778,4545,60040,45880,12645.5555555556,35973,55600,34250,8420,39908.3333333333,103000,37654,18748,27075,15078.75,9695,53000,8180,5420,4782.22222222222,7281.11111111111,3234.8,7646.25,2270.16666666667,1446.66666666667,127980,48200,35433.3333333333,2290,41275.5555555556,260000,23383.3333333333,1500,2890000,2280000,285550,57400,228000,100762.5,42825.5555555556,30075,29000,28969,37595,17883.3333333333,21935.5555555556,13184,228920,11743.3333333333,5443.75,205974,20600,55150,92400,49502.2222222222,49502.2222222222,780,179000,210688.888888889,37400,9640,116650,82420,19395.5555555556,5531,37500,35657,85300,25165,343000,26200,35041.1111111111,7360,4990,48600000,110170,68000,148922.222222222,14356,54030,179211.111111111,99211.1111111111,108444.444444444,30768.8888888889,43810,25423.3333333333,90100,29600,55500,10938.875,9770,704,13077.5,4468,48900,24680.9,30300,48900,24680.9,30300,48900,24680.9,30300,48900,24680.9,30300,3940,8543.33333333333,10345,7536.25,222000,95100,46000,147000,15000,13612,44230,439000,333000,187000,11759.75,19600,63000,7650,36457.1428571429,14675,18400,54145,9960,15004,8374.8,10398.8888888889,10718.8888888889,18727.5,8792.85714285714,42500,96400,53000,346000,72600,1180000,1180000,1180000,97400,2390000,124000,98000,140600,133457.142857143,22400,13216.6666666667,225000,3394.28571428571,13745.7142857143,205974,92400,49502.2222222222,49502.2222222222,780,179000,210688.888888889,9640,116650,82420,19395.5555555556,5531,38200,10800,105000,29300,18570,321000,11100000,167000,3110000,138000,4130000,707000,328000,3170000,842000,1160000,43700,1290000,223000,120000,127000,165000,225000,74500,310000,392000,413000,103637.5,29200,169550,113000,109032.5,17100,25900,210000,341000,76777.7777777778,586000,4990,56011.1111111111,192000,278000,67962.5,46512.5,542290,177000,42980,49200,385000,199000,31565,14400,61300,571000,24537,18515.5555555556,7430,24204.4444444444,23200,57100,333000,19702.2222222222,13200,6620,126000,29700,236000,93800,30000,76714.2857142857
"10","Pituitary_16",2,3660000,3190000,3200000,1610000,2940000,1020000,2140000,702000,658000,1030000,980000,763000,1080000,249000,453000,95800,91000,66900,173000,418000,6150000,248000,827000,488000,1420000,217000,1900000,167000,84700,231000,1130000,17100,47800,217000,26400,1050000,214000,13300,10000,39600,44900,284000,25400,72600,11600,141000,43100,983000,65000,713,24500,1900,186000,12300,21300,18300,154000,21800,18700,26200,49900,123000,192000,40600,14300000,24900,66000,132000,80800,9416.25,4300,30500,70500,21200,77400,9780,272000,14800,9460,10100,21700,33400,11100,4320,6090,42000,1270,2480,10400,1570,4410,8630,10700,174000,3010,2890,16700,10100,10200,931,33933.3333333333,16386.6666666667,816,2490,869,32700,8440,1190,945,250000,155000,70800,50300,4590,1730,22000,90400,40400,36100,10700,71800,8370,33300,7110,8930,7280,29200,12600,16100,22230,13000,9040,8250,9240,10400,6660,10400,4990,3110,4680,3880,4180,2580,2090,3010,3740,4848.85714285714,36400,4920,1140,111000,38500,21400,31500,14000,10800,14300,10600,12600,7720,1090,5260,16011.25,1770,96430,369000,21200,9240,8950,3360,11600,15300,5430,9200,9040,1144.3,1670,51700,2140,955,126,9433.25,6427.14285714286,1250,14500,24900,44800,24000,14700,12900,24000,7380,8560,4820,4700,19400,9980,5590,35676.25,9271.11111111111,8573.75,11710,13300,15474.2857142857,8911.11111111111,8232.85714285714,2490,273,2489.32,2650,2360,3380,1680,13362.5,13362.5,16715,3646.66666666667,52679,17872.8571428571,3500,54162.5,26250,5218.57142857143,241,3800,1580,15888.3333333333,10033,13100,197000,62800,20600,2460,973000,69500,96700,87900,19300,12000,198000,85200,213000,5000,4130,54600,218000,9130,12300,39700,4160,3980,3640,6090,9950,12676,3421.42857142857,9950,12676,3421.42857142857,9950,12676,3421.42857142857,9950,12676,3421.42857142857,38800,17700,722,5720,55900,10100,378,5840,917,3547.5,7388.57142857143,114000,29366.6,21300,19278.75,51500,26900,51500,23300,18500,11400,40100,4730,4840,27800,6100,4890,7570,12300,27000,2010,4246.66666666667,40100,3992.4,4180,4180,4180,18500,69000,10200,11800,39068,39068,11600,6360,3740,80,4220,2650,1680,13362.5,13362.5,16715,3646.66666666667,52679,3500,54162.5,26250,5218.57142857143,241,3130,11918.5714285714,20300,5890,19000,285000,402000,183000,10800,147000,870.666666666667,114000,213000,8710,73600,219000,48100,4180,87300,40700,72000,24300,264000,201000,224000,3540,4590,24000,55100,40020,51050,19600,34500,9344.44444444445,187000,15694.2,36800,47100,2460,45600,14100,13500,36100,28600,196000,13900,44900,11500,352,5490,2090,7280,613,7660,19900,23600,28770.5,6640,41600,10300,1080,8430,9810,29400,465155.555555556,604.625,19700,29900,99800,76600
"11","Pituitary_31",2,8140000,2410000,560000,1700000,3190000,1560000,1090000,916000,726000,903000,277000,816000,198000,324000,149000,134000,493000,93300,307000,360000,4500000,247000,85100,1120000,231000,214600,2590000,187000,179000,109000,1090000,32200,358000,172000,196000,494000,573000,78600,40900,64300,60200,785000,42800,107000,43200,69100,161000,519000,28300,11500,44700,8420,15300,58500,128000,71600,256000,54300,48000,89700,59400,31723.3333333333,25600,72500,5930000,50700,55100,54900,148000,20000,8220,116000,79300,28800,165000,33400,16000,9460,21700,16900,13300,26100,24100,10700,13600,37300,8663,12600,6940,11500,6680,12700,5840,27500,8048.875,7160,245000,8110,87200,61214,65200,33500,922,2890,30000,120000,11800,1390,290,475000,225000,146000,79800,19900,86100,91300,39686.6666666667,56666.6666666667,17875,48100,19100,29700,22300,31700,21500,24200,22441.1111111111,11741.6666666667,3730,16300,14100,20700,22000,4700,11300,18200,2300,6200,9910,1460,10800,7968.75,4640,9610,6530,3885.04444444444,4146.3,18700,7610,2226,172000,43800,82700,110000,46700,24500,44200,26700,20200,31600,11300,51900,49800,14800,116000,1390000,45500,45000,79600,32700,77400,54600,18800,30200,46200,1550,18800,396000,9290,8130,10200,638,5710,2810,128000,33300,32700,46300,19900,8270,12000,5172.5,33300,18600,541000,36200,26698.8888888889,248000,74200,27800,19200,4040,123000,40800,6830,14200,273000,10800,5960,114000,94500,72500,80400,31500,31500,32000,7812.22222222222,161000,5940,105000,138000,78400,13700,6150,22600,31000,39200,25400,41300,297000,48100,9060,2390,2120000,225000,176000,194000,58700,69900,251000,138000,109000,38500,20500,12500,123000,14100,11100,12000,10600,5310,6078.33333333333,5037.875,42800,32600,6490,42800,32600,6490,42800,32600,6490,42800,32600,6490,155000,20600,21600,9630,32530,20900,7700,11800,5380,6040,11100,180730,47600,98400,1550,26400,39800,36287.5,35200,31000,11900,66200,19900,14100,8680,7827.77777777778,4850,4990,5791,127000,19100,9106.25,104000,11100,1700,1700,1700,24200,186000,111000,80900,65000,65000,59400,16792.8571428571,40700,5139.9,20100,114000,80400,31500,31500,32000,7812.22222222222,161000,105000,138000,78400,13700,6150,11500,21600,33400,33400,65000,480000,9e+05,549000,9420,290000,730,180730,351000,6370,178000,455000,121000,1700,213000,49800,94600,74900,863000,488000,609000,46050,19900,108000,33700,57014.2857142857,16300,119000,247000,8580,460000,27695.1666666667,28100,16822.2222222222,2390,47800,34985.7142857143,19100,17875,14000,442000,20500,43300,24500,15200,10200,767,17900,957,4140,6480,3310,22100,11000,11200,10300,1590,9240,4260,2990,242000,423,1830,74300,299000,47900
"12","Pituitary_36",2,2470000,1720000,497000,1080000,1920000,752000,1430000,317000,509000,321000,537000,146000,265000,103000,41900,37000,113000,10500,166000,383000,3850000,218000,49700,1120000,733000,27400,1870000,45100,79100,29300,1420000,21000,36300,108000,27500,557000,110000,39300,11200,18400,89500,192000,34100,55200,13800,124000,55600,442000,14800,7160,39200,14500,24956.6666666667,17200,25900,7820,120000,17700,23300,34100,29600,31100,62100,91900,8440000,13600,62000,65400,6680,5720,8615.2,70900,151000,16200,74300,24400,79900,23500,32700,33300,7750,10200,8852.22222222222,5190,5755,15600,6970,2060,4940,8700,2510,8960,5970,40000,2478.11111111111,8080,76500,7932.85714285714,26000,18089.1428571429,13700,6080,6774.33333333333,1970,460,9470,38315,1110,427,662000,282000,182000,118000,9810,124000,47100,27000,53000,38600,13400,33500,20400,26100,16900,16100,16900,44500,5120,36500,26800,27700,9160,27300,12300,12400,17000,4740,9170,10900,13200,13200,9530,2490,4300,10500,9460,7330,3680,2140,1427.33333333333,189000,37700,115000,155000,61900,18800,680,21300,31100,13800,8160,7820,4320,2640,158000,1400000,52900,19800,56500,12600,19500,63900,35300,51800,35000,300,6940,478000,12200,3230,14700,5851.125,10000,3410,56900,28500,18900,19964,19900,12500,14300,6360,23100,4140,45700,29700,16758.125,13900,16400,9010,5060,12298.3333333333,44700,14200,9320,5780,76300,3130,1310,13200,48100,33200,14600,5930,5930,13156.7,2900,14800,3310,19300,19800,10900,1370,3330,19600,6950,20000,6280,12900,418000,35300,12100,3451.44444444444,1730000,182000,121000,117000,109000,26200,431000,138000,136000,5010,9330,37100,319000,19700,13200,21800,4200,12700,9260,6010,15900,6790,2849.28571428571,15900,6790,2849.28571428571,15900,6790,2849.28571428571,15900,6790,2849.28571428571,46000,20400,35000,4500,33650,5300,4663.44444444444,25700,3700,3060,4760,67200,633,21500,7060,42600,38700,18900,8360,41900,5900,29300,20400,10700,7900,4430,2340,4300,4940,96900,5870,4040,69800,3120,18895,18895,18895,18544,49500,41400,20000,3630,3630,26600,11358.3333333333,3720,866,23900,13200,14600,5930,5930,13156.7,2900,14800,19300,19800,10900,1370,3330,699,8700,19577.7777777778,15800,68300,514000,888000,185000,44861.1111111111,251000,35147.2857142857,67200,221000,2650,114000,186000,110000,19007.5,264000,35900,54200,30800,262000,176000,174000,24490,9810,54900,42500,30098.3333333333,33324.2857142857,34900,260000,14294.4444444444,136000,5295,13700,1090,9919.22222222222,16700,34983.3333333333,22900,38600,9110,151000,16200,21000,26300,4290,7769.125,320,15000,5006.66666666667,8848.75,7290,3550,595,7540,6070,6470,7438,13600,4800,2260,302000,731,6260,142000,193000,24300
"13","Pituitary_07",2,1330000,795000,671000,475000,820000,459000,574000,258000,172000,206000,217000,116000,118000,62100,91500,448000,76500,257000,79700,45000,2490000,97400,51000,157000,247000,80300,1710000,58977.7777777778,39500,107000,309000,75300,188000,52600,129000,236000,64900,83900,64100,48600,37700,135000,102000,18400,127000,31900,39411.1111111111,253000,40200,39300,29900,86000,24200,18700,26232.2222222222,22427.7777777778,33700,12200,32500,6230,8650,11500,12000,82200,4950000,14409,22795.5555555556,80400,54300,3880,29200,37600,42180,16706.25,58297.7777777778,12666,19900,9280,8970,3510,16500,9820,10216.6666666667,29500,7890,48300,8640,18500,2330,9400,19800,5980,9980,12900,5010,6780,112000,18929.1428571429,54300,19104,135000,55300,8670,33600,5280,191000,648000,2137.75,1630,58100,82900,9570,87900,114000,44912.7777777778,17100,18800,70000,40200,19988,13000,11000,24400,37800,612,13400,32031.1111111111,24300,6350,7990,6520,2080,2870,5698.8,4600,1680,6140,4130,5078,4777.875,4164.7,4220.5,2110,2970,3448.8,3076.8,821,49800,30900,2820,49800,13700,19400,23500,23342.2222222222,2430,7500,15663.75,2700,2090,3210,40200,48100,4110,4130,137000,29628.8888888889,82400,4450,52500,1970,13900,18424,20389,12722,31100,11500,62100,2860,2250,3550,10500,2866.55555555556,2481,191000,8150,20468.75,25720,16954,4690,14781.1111111111,3800.9,217000,95400,130000,29300,62600,39100,13800,22100,11100,41800,31608.75,4410,12600,12800,192000,10100,5078.22222222222,203000,37100,47000,86500,60900,60900,43800,18700,128000,18500,111000,106000,71700,13500,820,10000,22600,14781.6666666667,11800,2e+05,30900,5370,5650,45500,9260000,21400,40300,40600,1820,27000,84900,10600,47300,22600,36800,21800,19100,8300,25700,9120.1,4807.125,4055.22222222222,4499.57142857143,2410,22232.5,20100,9740,22232.5,20100,9740,22232.5,20100,9740,22232.5,20100,9740,55600,3100,6360,6242.22222222222,18200,11492.2222222222,22600,90300,15900,7570,21100,270000,103000,27501.1111111111,5383.11111111111,30340,3730,3220,19007.7777777778,1370,36600,20100,5960,2150,5530,2950,4010,18700,3685.9,15200,53900,10500,151000,9570,76400,76400,76400,74700,212000,41900,34000,93900,93900,12900,10201.6666666667,76400,2347,7120,203000,86500,60900,60900,43800,18700,128000,111000,106000,71700,13500,820,5380,26200,25962.5,19000,11000,1120000,3170000,350000,362000,642000,180000,270000,1200000,186000,630000,1570000,308000,76400,231000,122000,158000,304000,753000,801000,490000,75900,114000,40800,105000,172000,71900,48100,189000,57000,324000,61300,71900,82600,45500,59800,85300,47900,40200,35200,532000,40400,50600,54600,71700,3850,16100,32300,28800,42000,29000,44400,8270,26300,40300,38200,34100,21400,27000,80500,664000,4480,53400,12000,236000,16100
"14","Pituitary_22",2,1890000,1820000,1590000,79300,133000,624000,426000,276000,356000,104000,133000,180000,138000,109000,14900,20200,62900,6440,76300,152000,3100000,163000,64000,354000,436000,22900,5340000,83420,49700,29900,839000,13000,4760,62100,4900,431000,42500,2130,23700,8420,5380,95300,20100,71600,30400,54100,32500,247000,38300,3840,84800,2230,8730,77600,1450,26844.4444444444,43200,17900,80700,14100,5560,27700,43700,402000,735000,10300,35600,48200,4880,870,839,26500,89600,10400,32300,4950,49000,10300,30000,13700,3450,11400,10014.4444444444,4490,4120,130,3770,4460,20800,24100,15400,13300,14100,41100,4500,2644.44444444444,18600,22213.75,20100,39803.5,14100,293,9879.5,20666.6666666667,5440,1220,28328.75,133,209,354000,162000,133000,77800,4680,52500,21500,27000,48700,35800,14500,59600,12500,30400,7020,17400,9700,16400,5100,25500,9820,9390,14400,10300,21400,10900,11600,6620,15400,4930,4280,4950,5600,11700,5040,3584,5340,2870,2330,8840,1402.11111111111,179000,52200,44100,56200,40500,17300,32800,21400,22900,14300,3880,5220,2600,2620,92100,609000,46600,27300,34000,10600,19200,16800,22600,23700,14000,248,7180,182000,6970,7930,2930,1270,3468.75,3680,44000,37800,38700,40700,33200,17800,29500,14500,12900,4100,996,26200,31012.2222222222,46106.6666666667,23860,6040,1830,12000,20267.5,5500,6197.5,9810,56700,3920,2640,51081.1111111111,19900,10800,43466.6666666667,11271.7777777778,11271.7777777778,4650,646,75322.2222222222,1170,15800,628,2090,6776.25,3960,6420,12083.3333333333,12840,4220,6740,251000,48700,8760,14156.3333333333,1060000,68700,28900,16100,59100,17000,324000,140000,2e+05,22400,11300,42500,131000,19100,13000,10900,11200,6640,3110,4171.42857142857,7130,4530,4256.25,7130,4530,4256.25,7130,4530,4256.25,7130,4530,4256.25,123000,17100,12945.7142857143,10900,1140,10980,1200,4140,1600,2720,4920,72000,49144.2857142857,10100,3341.25,50900,20300,54800,31000,20900,11400,65300,14300,8460,36800,30400,17500,7370,14900,26800,1980,1860,48600,707,858,858,858,14848.7,26400,23800,13500,26618.3333333333,26618.3333333333,11200,13178.3333333333,1400,5550,15900,51081.1111111111,43466.6666666667,11271.7777777778,11271.7777777778,4650,646,75322.2222222222,15800,628,2090,6776.25,3960,3604.44444444444,5380,9400,13935,26100,435000,482000,2750,1670,181000,71.7,72000,81800,2670,70100,6350,23100,858,85700,43300,41100,6460,13700,45100,2990,45040,4680,2160,48900,20200,4270,28735.7142857143,92900,28090,1130,1300,7880,632,30895.2222222222,2240,19128.5714285714,18062,35800,17928.75,19300,15900,10197.1428571429,23300,3560,1930,714,10100,9657.5,15537.7777777778,4400,2630,9100,13900,39400,7860,15191.25,22300,13500,1380,15600,1520.14285714286,4790,39200,473000,30400
"15","Pituitary_27",2,4490000,1160000,1260000,1020000,1830000,660000,445000,621000,769000,325000,163000,403000,263000,204000,226000,12400,228000,7350,218000,197000,3170000,141000,73500,270000,160000,77400,6520000,130000,53600,25700,582000,7430,93086,47900,743,317000,257000,1890,39110,13400,159000,364000,15100,33400,8150,45500,34800,247000,23400,17196,53000,1940,4480,88600,39300,29022.2222222222,178000,33100,59000,59100,11300,16954.4444444444,11770,227000,331000,24400,41600,23300,31800,2290,13091.9,31100,104000,10700,91400,12800,28600,15100,20700,8170,3050,30800,14600,3590,2990,5250,1980,3030,25200,7020,17200,6650,3630,31000,1950,1980,23700,26547.5,3470,56791.25,3100,19909.3,12787.5,21200,5014.71428571429,459,26266.6666666667,784,528,531000,223000,183000,122000,5940,82200,23000,39700,39000,18237.1428571429,29200,44900,22300,17000,13000,27200,7510,9360,7680,28700,15300,19300,19000,11900,8410,13800,16400,2510,9320,6540,11400,6080,11200,6280,5580,5180,7270,4890,11200,2240,551,338000,105000,51000,69100,44100,29000,29300,30300,12931.1111111111,14100,4800,2730,35050,4390,87300,705000,41100,7330,19400,6320,26400,28000,15400,37700,12800,5594.8,5390,192000,9820,2800,5910,781,5280,3440,23500,53300,84300,59100,55500,24600,57400,14800,17600,109300,82279.6,39600,10700,37632.2222222222,15035,12346,8318,12472,1560,1330,6626.25,875,6060,2250,3220,54288.8888888889,3790,5300,47766.6666666667,10938.8888888889,10938.8888888889,20704,3670,74347.7777777778,17300,5370,66642.8,34339,6155.55555555556,404,3490,7850,1950,11982,26654,371000,124000,13200,14237.7777777778,425000,151000,102000,122000,45500,62800,567000,330000,217000,31999.6666666667,14000,37700,320000,34400,21800,20100,18700,12000,8340,1730,5480,2850,5378.88888888889,5480,2850,5378.88888888889,5480,2850,5378.88888888889,5480,2850,5378.88888888889,170000,21100,21400,10900,493,2840,299,42374,333,360,13003,30300,109000,32600,3107.44444444444,114000,38500,76600,68200,35200,9150,74500,24500,18600,19600,27600,25100,26700,20400,48500,25640,10314.2857142857,51000,5210.9,57673.8,57673.8,57673.8,837,25100,15100,7600,23845,23845,25000,15600,2570,3560,23100,54288.8888888889,47766.6666666667,10938.8888888889,10938.8888888889,20704,3670,74347.7777777778,5370,66642.8,34339,6155.55555555556,404,3245.55555555556,20268,23897.5,16307.1428571429,18500,105000,233000,13700,2190,49300,113359.67,30300,37600,124958,22100,12400,15000,58113.8,57100,8170,12100,2180,55300,39400,13400,51757.1428571429,5940,3120,11500,21400,126,27958.3333333333,64200,35363.3333333333,10700,684,5110,31025.7777777778,42244.4444444444,4910,8410,10900,18237.1428571429,2620,39900,3820,2350,5280,550,818,467,1500,11685.5555555556,20612.2222222222,1930,1190,2760,3853.33333333333,2840,1110,18700,6200,2370,1410,83300,1696.77777777778,1360,69300,321000,67700
"16","Pituitary_25",2,2320000,1610000,2100000,1230000,2250000,770000,568000,406000,769000,889000,193000,248000,613000,149000,283000,164000,131000,89700,141000,209000,4060000,158000,127000,201000,518000,517000,5210000,176000,75000,77000,556000,27900,26800,106000,16500,462000,227000,8690,22000,29300,47600,181000,23200,23200,40300,35300,87700,643000,133000,6178,45700,2950,38706.6666666667,41200,46900,26700,20100,21900,43000,34300,15900,41400,47950,346000,7250000,6730,23300,18000,74900,12200,5240,33400,54350,39600,117000,8440,65500,10000,16500,10212,3200,13597.7777777778,9290,5310,5080,19000,359,5530,13800,14700,23500,12500,6940,45500,1810,1920,15300,8863.33333333333,6830,21925.6,40885.7142857143,15413,4219,11156.6666666667,775,69200,7860,1410,957,240000,189000,146000,69300,19500,63000,21200,26836.25,57400,25400,22500,74700,14000,51200,14600,13500,7100,23500,11600,17900,18500,16700,13700,8540,28200,18500,10500,7860,15500,5830,8007.25,4340,6610,13000,5430,4880,7160,1130,31900,9120,896,135000,37900,24800,38800,18300,15300,17800,15700,18200,6910,2810,2440,14976.25,3810,42600,412000,50900,37400,23200,5570,20600,13500,11400,13000,10300,727,5930,148000,5420,1200,3640,15900,4391.25,1910,50000,35532.2222222222,45500,35300,31200,15300,30400,3781.9,18200,4400,8450,29400,7080,45646,23927,460,6576,6310,14700,9052.22222222222,2500,2690,6640,3460,50.2,5080,6650,8460,29033,11674.6,11674.6,3480,3430,6040,4020,7850,42588,4000,5246.66666666667,793,5570,4480,9682.5,2280,8050,153000,73600,13300,1440,2010000,69800,83800,96600,28800,20800,294000,103000,192000,20844.2857142857,10300,44500,143000,14970,11700,18500,6090,5870,6050,13900,11500,3960,2639.16666666667,11500,3960,2639.16666666667,11500,3960,2639.16666666667,11500,3960,2639.16666666667,140000,10200,20900,12400,52700,10676.6666666667,1220,24967.1428571429,2630,2220,3390,351000,13100,22500,11372.8571428571,47500,27400,32900,22400,14000,16700,40300,8700,11200,29400,19200,14200,9250,13400,72900,7350,2680,65400,2079.16666666667,6040,6040,6040,20400,58400,21500,6060,15600,15600,20200,9130,23300,2380,12200,5080,29033,11674.6,11674.6,3480,3430,6040,7850,42588,4000,5246.66666666667,793,3057,12540,12400,8490,17700,128000,536000,107000,16700,54600,7927.28571428571,351000,79800,6660,47400,246000,22800,6040,81100,42922.2222222222,25300,16700,150000,97100,129000,17732.5,19500,25500,48326.6666666667,23638,26195.7142857143,54244.4444444444,39400,7720,97600,6361.83333333333,13800,8310,1440,6830,43600,4090,25400,64800,120000,3670,6910,3090,1550,12400,69700,1410,3900,1100,11505,24900,10000,840,57400,1920,2788,7872.33333333333,22600,42500,128000,257,6340,36800,268000,173000
"17","Pituitary_32",2,2130000,1070000,332000,974000,1740000,575000,725000,448000,146000,387000,172000,258000,169000,191000,132000,121000,91700,95900,48600,102000,1790000,96800,61400,249000,196000,18500,3790000,112000,81500,65700,3e+05,12900,60700,45300,31400,243000,118000,1260,15400,50100,33000,86800,17900,29600,14600,25400,35800,249000,6740,7420,43900,11900,15600,52400,32100,16200,69200,14800,33600,5660,48000,15600,10700,41900,3720000,4350,7930,52100,106000,1480,4860,30800,14300,3950,50947.5,3250,18500,6010,11500,5020,6680,9080,3340,8820,6390,30200,1430,8250,8890,6520,15100,1690,4670,15900,3780,2710.7,448000,17400,162000,4430,117000,41800,5690,17800,16600,876000,49200,2220,5330,134000,56800,25500,44400,16500,21700,37800,1210,18600,34600,25500,8830,9690,15800,1990,16100,4000,12600,3990,3000,5290,2670,2270,6020,13148.15,3030,4750,3080,5740,3520,4841.1,1040,3428.22222222222,4150,3010,2150,358,1150,7960,4540,339,54200,12000,10900,21400,21648,15100,6860,1310,5750,15600,3393.44444444444,55900,44800,9690,26600,339000,6500,34200,29800,19900,15100,14300,11700,16400,8720,1270,8750,108000,6200,363,6720,4386.375,2771.11111111111,2410,105000,34971,3930,29012.8571428571,5960,11201.4285714286,13241.25,1160,23100,15400,440000,71416.4,9320,214000,58100,19000,14400,13600,63000,19600,7670,11500,191000,13900,7370,162000,57000,47300,87100,41800,41800,30500,9857.77777777778,146000,27800,87000,125000,84600,10500,692,13100,22400,18000,9990,16000,30400,6290,5686.66666666667,4180,1630000,52000,54000,70800,8680,35000,82100,41600,22000,38823.3333333333,14900,11100,46700,10800,14200,9640,3290,3181.88888888889,1860,4022.5,21706.6666666667,21100,3880,21706.6666666667,21100,3880,21706.6666666667,21100,3880,21706.6666666667,21100,3880,102000,9712.22222222222,7020,7980,2690,9780,8660,67400,6540,5510,25200,141290,34956.6666666667,18000,840,34506,29120,3330,21581,3490,16100,19300,8260,6630,6470,2100,3680,1780,444,25900,19400,10700,61750,1440,5590,5590,5590,26100,98300,47500,38600,94700,94700,17100,9852.5,64300,5026.2,7280,162000,87100,41800,41800,30500,9857.77777777778,146000,87000,125000,84600,10500,692,3780,18600,12600,7650,11000,447000,502000,302000,21500,248000,425,141290,307000,8000,120000,442000,98000,5590,83500,36500,50300,24000,563000,327000,381000,15200,16500,56900,50000,15000,26700,90600,104000,4370,280000,2880,90700,20685.5555555556,4180,55900,18268.75,14400,34600,13300,301000,13900,46700,20800,3750,6887.44444444444,10424.7,11800,5030,2920,17600,3830,1350,10500,8640,6860,2410,7980,3730,1300,268000,529,21300,18000,255000,7650
"18","Pituitary_30",2,2040000,1050000,449000,1720000,3180000,646000,2150000,511000,375000,347000,482000,83100,176000,165000,256000,14800,56600,15000,81900,113000,3270000,65400,309000,103000,169000,43900,1340000,109000,51400,53200,413000,5060,95600,101000,36900,267000,138000,45357.5,398,15100,24700,47100,10500,14000,5630,34100,51000,274000,13800,18953.75,25800,20872.1,85000,19500,35300,16900,107000,10000,24500,6260,23100,61800,26300,27400,3610000,7220,13700,13200,78100,24114.4444444444,992,10600,26200,1330,59600,4450,15600,4910,8590,4500,736,16700,6380,1050,1610,24290,5538,1010,2160,3540,6030,4660.67,2910,28700,3103.55555555556,447,8100,1240,2270,29766,37870,2630,10941.7777777778,22928.5714285714,11154.125,182700,58282.2222222222,388,638,119000,40900,77000,26800,1380,24000,9080,28900,52200,13200,13200,23500,4910,9410,4280,13100,5590,15671,4410,8810,5400,5060,7370.8,3470,5341.25,11800,5870,1520,1440,1190,1220,1120,4590,2950,1910,3040,47.1,1800,5450,6054,1925.57142857143,79600,22200,18100,34300,19900,8640,9350,9580,10500,8790,985,1460,29391.1111111111,1270,19900,207000,7070,197,8580,22913.3333333333,3460,7420,12900,8970,5950,3284.22222222222,2780,45900,1530,2240,1910,2251.375,1090,1250,9030,11100,28000,18000,10000,7680,23000,6130,5400,409,21000,11800,29439.4444444444,10600,9300,9182.88888888889,2680,7138.75,26800,1920,5977.77777777778,1570,5000,1390,60.9,3510,5150,3940,2630,1310,1310,587,10305.5555555556,6630,1120,6020,8070,4850,6761.25,59.2,16907,11401.1111111111,115,10552,4310,92000,16700,3860,3010,189000,34800,49800,54700,10100,10500,159000,57000,47700,8800,3670,16400,74700,6700,6830,6244,5240,1740,3540,2890,2320,892,4255.625,2320,892,4255.625,2320,892,4255.625,2320,892,4255.625,63900,7490,11936.25,738,23903.3333333333,12214.4444444444,7244.1,43533.3333333333,3998.7,3556.3,11993,126522.222222222,35926.25,9500,10478.8888888889,24300,10200,50800,15400,13300,3760,39000,6980,4530,19000,6110,2210,2830,5910,18300,19210,9962.5,13500,1420,48234.4444444444,48234.4444444444,48234.4444444444,1360,42800,4240,2110,25597.5,24610,5950,10157.1428571429,28300,79.7,4070,3510,2630,1310,1310,587,10305.5555555556,6630,6020,8070,4850,6761.25,59.2,294,19232.2222222222,9000,2540,2550,46200,78100,47400,129095,24000,107942.666666667,126522.222222222,32500,118331.111111111,9710,32400,16400,48656.6666666667,32200,28360,26000,1660,1e+05,56600,66800,37675.7142857143,1380,14100,12700,51523.75,28500,10400,19700,28037,45100,22132.375,5530,1210,3010,11900,20642.8571428571,5870,13200,13152.2222222222,77700,1420,10200,975,20375.5555555556,5770,10646.2222222222,529,9337.5,19127.7777777778,2470,5505.55555555556,7690,2060,8341.7,182,16157.3333333333,891,4371.5,3455.7,102734.444444444,1340.85714285714,27307,43290,145000,151000
"19","Pituitary_35",3,2940000,1040000,758000,1210000,1220000,734000,308000,612000,719000,439000,165000,344000,978000,223000,287000,152000,205000,109000,188000,170000,4590000,145000,55500,285000,124000,531000,4250000,124000,84300,40500,454000,25400,51400,66000,29200,229000,450000,109000,41700,41000,43600,304000,32900,83200,32000,39286,60700,373000,143000,4200,49600,21600,7590,41000,41100,43000,197000,34700,25500,85800,7890,34133.3333333333,24138.75,492000,5060000,16500,27700,58400,83000,8970,7620,92800,103000,10000,117000,41100,17900,7330,19600,3780,8290,11100,17200,9410,10400,25500,4820,8540,7450,5470,9910,10800,2650,27400,621,2990,270000,3140,7010,52200,10300,10900,10634.5,19910,9617.55555555555,42600,6020,4910,225,681000,441000,142000,177000,26100,83700,36600,71900,52300,21366,31300,9610,45500,29900,26000,13500,12200,16100,4220,33000,24100,18146.25,23400,25700,78000,4840,20000,9090,10600,13800,15800,12700,8190,6920,4150,6580,1440,3800,9840,2440,799,234000,39500,97200,145000,39400,37000,39900,42500,25100,23200,8840,30600,18000,9220,105000,877000,74800,54800,44900,19000,23200,39900,24700,53800,25900,2760,12600,292000,10400,3684.77777777778,6260,20800,7520,4290,74400,155000,41700,26678.3333333333,22300,10398.3333333333,15100,3460,62100,13900,27700,13900,10600,11900,5260,6220,2760,44900,34700,2530,23100,7128.88888888889,51200,3200,1000,10100,30100,22300,14500,9510,9510,8090,3270,39400,9738.125,28500,26300,7100,1500,1460,9450,10600,12765.4285714286,8360,24400,342000,105000,8840,2820,127000,307000,263000,316000,40500,117000,257000,141000,126000,31900,12300,24800,183000,22700,21000,22600,9170,5720,4270,14700,22300,8380,1090,22300,8380,1090,22300,8380,1090,22300,8380,1090,108000,26200,17263.75,7130,34800,18500,4060,10700,2720,1730,7030,474000,28255.375,49600,8260,40500,45800,23500,21600,29900,12800,23900,12400,11300,6200,4220,14800,7117.14285714286,5160,127000,7820,4840,105000,702,8890,8890,8890,18800,113000,37400,18300,21800,21800,46600,14000,1370,27600,20100,10100,14500,9510,9510,8090,3270,39400,28500,26300,7100,1500,1460,3020,11000,27600,16528.5714285714,43900,146000,1160000,184000,27100,56700,2100,474000,105000,6910,61300,408000,55900,8890,136000,15300,32300,47700,220000,165000,213000,40620,26100,36100,19300,47100,25558.75,27300,137000,15700,168000,19034.8333333333,8810,14700,2820,17900,57000,17200,21366,84900,160000,4750,3330,5710,979,713,10100,3730,4340,2990,5090,46200,51300,2090,28900,3060,1890,3830,23800,59500,88100,892,8070,122000,288000,77000
"20","Pituitary_09",3,3340000,2040000,546000,732000,1350000,805000,1540000,853000,620000,569000,453000,165000,18000,316000,90100,1320000,106000,978000,239000,130830,3720000,315000,195000,577000,463000,56437,1070000,134471.428571429,76488,216000,375000,320000,892000,43608,541000,358000,255000,329000,19600,60900,8830,464000,187000,130000,639000,38280,55240,259000,37056.625,253000,13800,199000,44100,21600,67670,17100,21900,13100,10500,2210,30848.3333333333,17951.4285714286,16818.75,23200,6320000,24800,22353.75,356000,82400,102000,128000,45800,8360,20422.8571428571,101000,14397.7777777778,159000,16300,11200,9040,21900,6790,14932,17938,29500,327000,36700,23000,790,2920,6572.85714285714,15800,16100,3160,3030,13900,34200,119000,52100,123000,47100,62500,14500,55200,17561.1111111111,86600,709000,1930,8690,194000,283000,105000,239000,224000,9300,53593,60500,11700,8470,8920,43100,17550,16421.4285714286,38500,5210,9540,36230,7160,14000,11500,36300,19100,10948.8888888889,65.2,7040,7112,8190,2030,4350,4126.42857142857,4668.75,4055.71428571429,1110,2856,2693.42857142857,2764.28571428571,1947.85714285714,291000,193000,28000,143000,62300,81600,81600,20690,27000,13600,21583.3333333333,11306,8458,6960,54600,76200,14500,13200,256000,30437.1428571429,81300,37578.5714285714,59000,33145,17000,35600,10900,3280,57900,9170,50700,4664,13000,1710,13100,6370,1446.66666666667,110000,56700,31675,44462.5,59200,66700,22414.2857142857,4520,1640000,1120000,366000,128000,453000,28000,69700,78000,53600,30700,25400,17185,66100,16600,228000,11149,5298.88888888889,499000,131000,65600,98600,85600,85600,38900,175000,345000,85700,186000,153000,76700,19200,2690,26400,24800,72200,25800,522000,187000,10900,8890,16100,21700000,91200,116000,166000,10200,91700,170590,95910,162000,85200,74600,23677.1428571429,41700,10400,17600,18100,8973.33333333333,4714.22222222222,10659.4,4468,72400,6390,40100,72400,6390,40100,72400,6390,40100,72400,6390,40100,37100,8398,9200.82222222222,7296.66666666667,67800,89800,29700,388000,22900,7460,25300,1170000,585000,77600,8720,46900,54300,31300,33450,9080,56200,88100,10294,82400,13600,6960,11300,41100,8091.25,8950,192000,20400,79500,102000,242000,242000,242000,193000,1080000,129000,69500,310000,310000,20100,7250,54512.5,3090,12730,499000,98600,85600,85600,38900,175000,345000,186000,153000,76700,19200,2690,21600,54800,29500,41157.5,18600,660000,5020000,895000,1200000,362000,822000,1170000,603000,216740,743000,3360000,259000,253000,242000,154000,190000,447000,927000,663000,1300000,209000,224000,30000,171000,443000,99800,53000,387000,304000,924000,69000,190000,44792,182000,92700,130000,114000,157000,66000,472000,43500,44483.3333333333,32171,227000,1e+05,66800,45400,41100,234000,43200,27100,5610,12300,5480,23000,152000,10000,25400,76900,347000,7950,175000,14500,86900,76075
"21","Pituitary_05",3,4490000,1600000,2290000,308000,539000,652000,589000,650000,289000,137000,3e+05,245000,156000,278000,106000,239000,187000,164000,107000,165000,2260000,148000,168000,836000,443000,54500,4320000,99855.5555555556,55700,96700,771000,69500,36500,82500,44000,285000,111000,8380,80300,67800,60800,185000,70800,36300,1e+05,63200,18100,386000,39400,45700,45900,47400,7810,24400,5490,33736.6666666667,63900,31800,33100,9790,31500,25000,41100,81600,7040000,18200,21600,93100,4800,20900,20300,51100,56900,14200,54200,8460,57900,16900,9090,22100,7580,13500,12704.2857142857,18700,9090,42100,9810,14700,21600,9760,12606.25,13900,16500,26200,18100,4946.66666666667,17700,23034,40300,5930,35800,14400,560,998,10400,189000,20300,389,4170,146000,196000,64800,72300,24900,24900,24700,34200,69800,93200,9900,18100,17500,25300,17100,6390,22200,57400,4240,9000,19700,3470,9390,5140,13521.7333333333,24800,6060,9140,6930,2860,1910,3970,1080,4450,1130,2520,2400,687,58000,62000,6260,167000,47800,17200,36000,21200,12100,9850,24400,9790,2940,2860,43500,46900,7720,43900,268000,12700,83500,41400,46200,20452.2222222222,7600,12500,11600,3770,5710,8035,49000,3090,12700,2610,8209.33333333333,1250,1470,179000,31600,35700,44300,29900,12100,25800,4830,56500,60700,374000,60700,14500,34700,20400,45900,17900,49700,7570,26100,9910,29000,423000,21100,10900,59400,82300,40400,32500,13600,13600,23500,7400,66600,15900,96300,58100,26600,17400,14500,16300,27900,15700,18900,73700,141000,54200,3870,19200,7540000,70600,53800,67900,20000,32000,179000,92600,136000,15300,36800,22300,91700,14100,6890,12900,6953.75,2530,5770,688,47900,32500,3920,47900,32500,3920,47900,32500,3920,47900,32500,3920,88500,10700,10100,7010,1110,23900,8000,53000,7290,12200,22700,136000,135000,49900,1870,52600,29300,6580,46800,16500,19600,63800,6500,5330,15400,23000,17800,19200,8380,19100,31500,14900,84638.5714285714,6140,37200,37200,37200,33100,189000,76700,62500,39400,39400,16800,11230,24700,1410,8990,59400,32500,13600,13600,23500,7400,66600,96300,58100,26600,17400,14500,5210,32200,43200,33200,11100,1370000,2740000,157000,61000,803000,37400,136000,834000,30100,559000,329000,220000,37200,310000,129000,127000,177000,316000,503000,166000,32400,24900,20800,157000,22600,49400,15400,367000,29300,106000,24100,109000,27600,19200,40100,18500,14200,93200,8290,195000,46100,20500,65500,36100,904,6550,39500,9830,8550,51500,8950,8040,28600,20000,20200,6800,29600,18800,11300,787000,1410,32800,30900,316000,23400
"22","Pituitary_10",3,9370000,3230000,2090000,1730000,3890000,2290000,3290000,1920000,514000,767000,699000,671000,494000,734000,833000,812000,428000,825000,331000,506000,6270000,361000,972000,2800000,966000,150000,4100000,209000,259000,177000,949000,147000,339000,38600,187000,875000,648000,43580,226000,345000,97200,311000,96900,218000,175000,129000,168000,512000,179000,146000,59700,44691.1111111111,147000,42700,56500,69900,244000,58700,35100,54620,92900,15600,120000,125000,6150000,32500,62900,138000,240000,24984.2857142857,36200,224000,87100,21300,67100,48200,49300,30900,12300,78000,62000,25800,12800,32400,37500,77100,30400,29200,5500,10100,16700,18100,5040,63700,40100,4680,463000,59100,106000,245000,108000,186000,5310,65700,7370,1360000,116000,8320,1030,585000,501000,164000,167000,43900,116000,68000,69500,47575,51430,34800,29456.6666666667,42600,85700,10500,26600,21513.3333333333,24233.3333333333,12935,1840,28400,24663.8571428571,14500,14500,16500,8270,12700,6695.55555555556,5430,7670,4630,8190,11231.25,3110,3920,6275.1,4000,957,52400,26300,4680,273000,55600,60400,60400,17800,31900,30400,24000,9530,21700,15200,135000,102000,17900,168000,925000,37700,93400,83300,144000,59900,41100,37000,27400,18100,8210,7490,197000,6240,10300,6940,7260,7040,1550,207000,54420,39400,3420,42440,9140,32688.8888888889,8441.11111111111,76900,96000,1310000,125000,18500,392000,166000,73000,26800,24800,170000,87100,68400,24500,528000,10400,4820,411000,102000,95900,286000,128000,128000,43800,15988.3333333333,487000,33838.3333333333,154000,315000,155000,35500,3810,48900,54300,23328.75,43400,123000,302000,71000,14300,20000,266000,252000,244000,455000,18400,99300,264000,153000,129000,21200,30400,22500,148000,23900,3550,24600,3080,4350,9060,783,110000,55700,16300,110000,55700,16300,110000,55700,16300,110000,55700,16300,113000,49300,20500,11900,4310,49900,17600,177000,15200,23000,60000,257000,205000,99100,45700,73140,41545,55511.1111111111,8160,21400,15700,42600,13100,8180,15600,2250,15106,12234,1260,55200,49600,24800,196000,30700,30300,30300,30300,93200,351000,179000,141000,179000,179000,70800,33700,28800,6810,20700,411000,286000,128000,128000,43800,15988.3333333333,487000,154000,315000,155000,35500,3810,9590,56200,173000,57700,25500,982000,3890000,1140000,118000,492000,2100,257000,842000,35700,390000,2320000,258000,30900,416000,121000,132000,255000,1900000,1090000,1640000,44100,43900,227000,72600,76500,93425,326000,581000,50200,1140000,58900,90500,69300,20000,105000,38100,54900,51430,75800,981000,41500,59200,29800,71700,41000,16100,40700,12000,18700,21100,35200,12400,48200,21000,24200,15700,24600,14700,32500,54500,1910,61500,103000,357000,107000
"23","Pituitary_12",3,1800000,312000,1060000,848000,1420000,223000,792000,389000,142000,72000,102000,165000,84500,107000,293000,103000,51600,117000,55600,35400,1360000,30800,203000,171000,68200,46100,2120000,26700,18900,61800,216000,15500,33100,20900,11400,95800,88600,63000,19400,46200,29000,78600,17800,24900,29600,17000,39150,89500,353,6140,26700,8500,13400,12800,13300,9810,49300,12700,23300,25066,17200,12300,8550,46900,2590000,4060,15655,15800,55600,1580,7730,17800,11400,17585.5555555556,9280,9020,4690,8818.88888888889,4690,7230,77.2,3500,10052.2222222222,6060,3440,10200,1280,4530,5660,12600,8130,6530,3360,4690,5410,4100,14100,904,18300,27212.25,13700,22800,378,1150,9980,98200,8870,2368.875,1490,110000,113000,51000,49500,23600,22700,17700,19000,50700,46000,18900,17100,11600,10900,20800,11000,6530,31100,11900,13000,7170,2710,9600,3670,65.2,10700,3440,4370,6000,1900,655,2350,3288.22222222222,4410,1920,2160,2930,879,38400,21700,1520,64500,25900,7300,28500,8770,12700,5480,14678.8888888889,5570,5400,2150,28200,23800,3700,10900,231000,7560,69700,23600,19700,10600,9950,8240,8810,6410,3830,3490,48600,3600,4710,3310,2267.28571428571,1170,2177.125,112000,15900,20400,22361.25,18000,14400,16600,3420,22500,18400,180000,19000,5710,68200,12900,16000,8620,4280,13500,10900,6110,11500,148000,5800,4140,93700,44800,19900,54700,15600,15600,18000,10672.2222222222,103000,963,71300,82900,42100,9370,2710,12700,13700,10800,11200,55500,75100,20700,5212.22222222222,9890,4520000,52500,59800,63500,2930,34100,93000,66200,27900,46800,33900,13200,47400,9030,4620,7950,4990,938,987,2429.75,20584.4444444444,14100,5221.875,20584.4444444444,14100,5221.875,20584.4444444444,14100,5221.875,20584.4444444444,14100,5221.875,84700,7090,47.4,5380,45200,13700,6890,8690,6030,5870,24100,76200,26500,22300,2690,12700,15000,9280,12400,4970,18300,38100,13300,4580,7340,10300,13700,8930,3180,7550,31000,8860,19800,923,19100,19100,19100,28000,79400,34800,29900,37500,37500,8810,5500,38300,2870,5620,93700,54700,15600,15600,18000,10672.2222222222,103000,71300,82900,42100,9370,2710,3550,15000,18400,10900,4240,824000,1760000,218000,65100,387000,24400,76200,533000,20300,242000,464000,104000,19100,125000,96500,109000,25000,789000,672000,343000,28000,23600,71700,89400,34900,30200,42100,176000,21200,254000,20500,75800,16300,9890,82200,5150,13200,46000,25100,504000,24000,52000,44300,9630,884,3730,20400,8330,13400,32400,8960,3500,24100,14200,10800,8500,21500,11000,11600,456000,1550,32800,37750,158000,71600
"24","Pituitary_13",3,4700000,2330000,2280000,837000,4440000,697000,1700000,1470000,505000,596000,1010000,339000,294000,573000,639000,126000,163000,93900,89800,189000,4130000,283000,638000,560000,729000,51600,7210000,114000,125000,2e+05,631000,14200,31700,89900,20700,464000,235000,28100,13900,48700,50300,145000,25400,51900,18300,75800,65900,481000,13100,13009.125,76900,14664,109000,54200,21900,27800,264000,29200,56700,11200,55400,72400,127000,67400,1.1e+07,22500,6590,110000,143000,3270,2480,49000,87200,9210,84500,11200,193000,19400,15600,19100,7880,17000,16300,6870,7780,19600,4783.625,6880,19900,19200,30900,10900,8660,90100,5100,4150,6320,6084,13100,14864.25,35466.6666666667,12500,1799.66666666667,8566.33333333333,10172,38700,13631.4285714286,3148.77777777778,1855.33,323000,205000,97100,105000,11500,71783,12100,54957.1428571429,34300,123000,33500,34100,23000,6400,5310,12700,8120,30477.7777777778,15900,13800,8200,16014.625,11500,8450,3080,16100,8760,10200,10400,4040,2650,3040,2990,7600,4190,3020,3660,4328.625,96900,26700,4930,149000,58300,19400,38100,20800,15900,13300,25485.5555555556,14300,9270,2320,22600,12900,6920,51500,511000,6270,54900,41600,15400,15800,12400,32200,25200,12200,1670,5340,134000,6100,5480,4050,1970,5034.28571428571,2380,83900,12800,44600,31000,28200,3010,31000,7380,12200,4430,147000,47100,10625.7142857143,51400,21900,8090,9440,5860,86700,8890,2400,11200,71900,4190,4060,34500,28200,21700,31100,10600,10600,17100,4182.85714285714,48700,6850,47700,44700,30400,4240,1780,9830,7520,8440,9510,13400,161000,54900,12300,4090,1690000,86100,113000,127000,4610,60800,279000,147000,166000,26800,25600,49800,114000,21300,12910,30200,17400,6034,6050,6050,21400,12800,3460,21400,12800,3460,21400,12800,3460,21400,12800,3460,136000,13000,19400,7730,24317.1666666667,16800,4630,1170,5130,2520,8931.42857142857,50800,49606.6,29500,16612.5,44600,22500,58600,43800,13700,24100,37400,10100,7800,38200,34200,34700,9180,10200,2340,15100,3470,49900,4350.33333333333,1520,1520,1520,25500,76800,40500,39700,51000,51000,18300,7320,31600,5072.75,15500,34500,31100,10600,10600,17100,4182.85714285714,48700,47700,44700,30400,4240,1780,4670,14900,12600,9750,10100,832000,843000,930000,17800,582000,365,50800,806000,4200,245000,1410000,544000,1520,195000,142000,154000,207000,1020000,712000,1020000,21500,11500,320000,219000,29360,65100,223000,139000,8660,772000,16100,141000,49600,4090,135000,33000,11500,123000,25800,586000,42700,174000,30000,1430,5558.14285714286,556,24700,4480,8910,56000,15900,92500,20600,18200,21900,2480,21700,11200,21400,574000,698,8490,33700,4e+05,106000
"25","Pituitary_28",3,4190000,1190000,842000,790000,1460000,993000,194000,904000,321000,326000,366000,172000,29000,310000,103000,367000,226000,191000,141000,233000,4410000,176000,109000,409000,59900,77000,657000,83410,149000,68100,989000,75500,70100,196000,44500,245000,225000,102000,58600,31200,16800,236000,72600,142000,117000,46400,54016.6666666667,429000,40100,7870,12600,651,29780,15900,48800,33400,123000,11900,6520,29000,52300,147000,20500,20200,3610000,31800,17900,72900,60800,6200,39400,36000,39600,13600,76900,7690,3040,9676.66666666667,7380,20800,14100,16800,10100,7010,11600,38300,8380,8340,803,5400,1690,1550,9230,7720,7100,640,426000,25200,40300,32600,87600,28800,8250,13700,24100,389000,96300,795,2680,261000,166000,77100,49100,32957,54500,89100,5280,125000,17300,13800,19000,11500,26200,12400,18300,30200,48500,16404.4444444444,12700,21000,17278.75,1960,10700,5410,7830,8540,6490,779,985,5802,4680,4444,722,3550,1080,67.4,1620,6810,2980,1944.875,106000,10600,22300,60700,11200,16500,9810,14700,8420,10100,2250,37000,21500,8640,67000,499000,36074.4444444444,7130,25900,28300,26900,19300,39100,13600,15900,1280,3210,65200,630,7420,1330,3060,1620,1140,56700,20300,28800,25200,8680,8298.33333333333,15100,1450,179000,83900,139000,83900,38200,5530,31100,3590,6700,10244.4444444444,56600,16100,16800,1740,65500,5510,2947.87777777778,70600,29400,24800,24000,16000,16000,7760,11200,86400,455,38700,67900,33100,5470,644,25300,7850,10571.625,13100,43600,250000,24200,16000,12400,42500,72000,62500,120000,35400,13500,179000,63000,70000,9300,7010,13018.8888888889,113000,3140,7230,1670,9070,2290,4750,3845.55555555556,14100,3530,4240,14100,3530,4240,14100,3530,4240,14100,3530,4240,40600,22100,16000,1280,15500,20400,9410,43900,2650,3360,18000,190000,37413.75,39700,35500,25400,23300,39400,30720,9870,1970,66900,5060,1950,9310,7015.55555555556,6944,7863.33333333333,1560,36300,17700,6000,82800,833,26400,26400,26400,38500,254000,49200,52100,23100,15200,33500,11200,57700,688,11800,70600,24000,16000,16000,7760,11200,86400,38700,67900,33100,5470,644,5970,23300,36700,36400,9160,168000,1300000,115000,93800,88000,50700,190000,103000,49200,93900,275000,27000,26400,118000,23500,32700,45900,235000,154000,204000,26500,32957,18000,24800,13500,22100,15200,92900,31500,162000,10200,8330,1170,12400,18500,40500,40600,17300,9260,153000,5750,6393.75,14400,14200,10600,399,4580,6880,12400,5390,2570,14800,4240,11900,2920,9890,4850,3600,665,116000,1577.42857142857,21400,57300,90200,63900
"26","Pituitary_03",4,3900000,685000,1700000,664000,1220000,409000,316000,310000,202000,250000,150000,252000,154000,112000,249000,86200,256000,30700,104000,131000,2380000,118000,79500,156000,133000,42600,2200000,47300,93900,127000,319000,11500,10800,59800,16100,253000,311000,4520,8860,19600,13000,151000,16500,14100,2110,40300,60000,304000,10700,17314.4444444444,40900,1350,4950,27200,25200,30300,105000,28100,53200,28900,39400,11900,41100,65000,4200000,27700,13100,24700,112000,1900,2930,29000,19600,14700,45000,8100,1250,4490,16400,3000,337,12200,9600,6080,5430,20400,630,5580,13100,14900,18800,6010,1960,17900,1120,1100,122000,21208.8888888889,27900,998,13700,21900,976,22928.5714285714,13700,39400,53056,1695.14285714286,469,169000,85100,54100,68000,7140,39400,24100,11100,31400,7260,26400,20100,23900,22600,9550,13000,5960,17400,13352.5,11900,10900,12800,9420,11100,13414.4444444444,7760,10500,4260,8860,6260,4580,470,3870,4860,4780,4890,3290,3340,40400,6270,1880,121000,22000,15000,30100,14700,9360,9520,16461,5630,5450,3670,40500,10500,8760,33800,474000,32900,30400,32100,14500,13000,18200,16400,26500,14800,3231.8,11400,181000,11700,4630,6470,556,2560,3350,60800,21500,34400,12200,7670,2130,9000,1680,15800,5240,180000,314,7690,91200,80000,9080,13300,1360,23700,11500,1660,21600,90200,10300,9170,48100,50600,36000,60200,12200,12200,21500,3380,83700,2070,97900,84200,50000,8400,7070,6130,3270,7290,3930,31069,97800,31200,2130,997,721000,72000,85600,91900,7700,42700,149000,85500,45800,11500,11100,10600,73500,19100,837,6860,5370,1350,2290,1990,7190,5290,1250,7190,5290,1250,7190,5290,1250,7190,5290,1250,162000,4670,7790,7800,59700,3040,1410,40250,1800,535,3380,22100,43600,34600,2390,19200,19100,16600,15300,5840,13500,41300,12100,5990,18700,6400,8990,2940,1110,19700,3290,9393.33333333333,70000,4853.88888888889,1140,1140,1140,7750,57800,27600,18900,21500,21500,29600,10637.5,15800,3030,16900,48100,60200,12200,12200,21500,3380,83700,97900,84200,50000,8400,7070,2730,18409,11400,5460,10300,233000,339000,199000,9890,162000,946,22100,221000,2080,76900,174000,79700,1140,111000,40600,71500,34000,375000,3e+05,263000,37675.7142857143,7140,38200,12000,51032.2222222222,2190,32800,70800,1940,188000,22132.375,9220,4610,997,13200,25187.5,5620,7260,5240,198000,9860,7180,6530,18435.9,4150,22200,8810,1490,890,1870,2960,4470,5430,4080,6580,1330,5200,2910,1930,180000,1284.75,8380,18700,278000,54800
"27","Pituitary_21",4,6610000,2810000,2370000,1680000,3070000,891000,1320000,1150000,285000,237000,495000,686000,721000,1380,460000,171000,203000,164000,174000,149000,6030000,199000,534000,803000,617000,183000,4880000,28700,107000,242000,651000,20400,114000,125000,61200,574000,243000,25982.5,28300,87300,85300,154000,22000,7790,25100,36700,37000,694000,28200,11600,52500,21800,166000,17400,51912.5,30000,190000,44000,33300,18200,70900,42200,58800,101000,13200000,46300,48100,62300,138000,5810,8960,39300,23500,18800,105000,9920,39800,18300,14700,11300,4440,20700,7860,10400,6320,47300,4920,9060,16700,13600,9630,8660,10200,36600,7990,3040,14800,6720,32100,73481.75,17100,31400,540,37200,12700,136000,10300,3190,44.7,185000,161000,69700,61300,8700,31400,13200,50700,50080,66300,21400,21700,14000,22700,5270,8530,11400,31800,2830,17400,13600,847,3340,8720,2700,11500,3670,4720,5810,2530,4190,4570,5670,3530,2510,941,1930,2090,80900,24300,2710,112000,41000,16900,38700,18900,5430,11400,23308.75,11700,7930,3780,22400,12600,6190,17800,353000,19000,28700,23700,17900,32511.1111111111,12600,18300,8150,5560,1270,3790,76000,6350,4580,4120,9313.25,1180,1850,64400,18700,37200,38100,17300,7600,19400,4060,8290,7110,286000,43000,4070,72500,50900,7540,11400,3380,75000,15500,10800,10553.75,82100,8300,3310,60100,27500,17100,38200,10800,10800,23500,5185,72100,22595.7142857143,38300,59100,30300,5880,4090,9010,13500,5940,10100,33700,136000,61600,4750,3260,3060000,90700,101000,120000,5280,40300,199000,87400,155000,21600,18500,47400,85200,15400,23700,32800,7490,2560,3900,5580,22700,11800,2110,22700,11800,2110,22700,11800,2110,22700,11800,2110,107000,46900,21558,7540,383,16700,2700,40500,1570,3550,8600,200122.222222222,71505.5,25300,13100,52800,26300,31000,20800,11900,14100,32000,6360,5640,8890,10100,12100,10700,7340,777,17900,8762.85714285714,44600,3440,5000,5000,5000,31500,72400,47400,21500,62200,62200,16700,11500,2850,3399,7890,60100,38200,10800,10800,23500,5185,72100,38300,59100,30300,5880,4090,3300,22061.4285714286,26400,3780,8850,1720000,1620000,1350000,15300,1e+06,912.333333333333,200122.222222222,1650000,8270,398000,1810000,540000,5000,280000,260000,213000,337000,1890000,1300000,1630000,10700,8700,346000,69300,21000,79700,301000,289000,12600,1170000,2600,119000,16900,3260,101000,41650,25600,66300,50500,1060000,65100,98700,60000,12300,4850,4470,19800,4790,3730,33000,39500,57200,52600,34400,33700,4220,40000,21100,35200,1070000,701,29100,65520,314000,106000
"28","Pituitary_26",4,5660000,1700000,1990000,1470000,2800000,847000,599000,896000,722000,602000,147000,462000,619000,340000,265000,113000,374000,97200,429000,248000,5720000,293000,68700,286000,222000,454000,6950000,277000,111000,50600,703000,15200,13800,58800,8640,626000,752000,2680,14500,36300,44700,424000,26800,115000,19000,59900,122000,305000,170000,8946.66666666667,71400,13700,65348.5714285714,75400,58500,88900,272000,52700,84300,63800,24000,5910,54216.6666666667,693000,7650000,41600,41200,27000,196000,7654.44444444444,2810,66700,40300,16200,225000,29400,6130,18500,27800,6760,4710,13000,42100,9570,8800,26700,3530,10800,4660,18200,20900,11500,2750,29100,1340,2190,17600,7680,42760,19257,36571.4285714286,7520,1963,14965,12372.5,156563.333333333,16063.3333333333,3750,94.6,683000,408000,210000,167000,13300,141000,32200,36715.7142857143,40485.7142857143,3140,53900,22600,37800,23800,27100,12000,9700,26900,9270,17502,25500,24500,18900,27400,73700,7840,30200,5622,9280,11500,17300,8990,11900,4240,3420,10100,11500,11600,3950,9445,1731,187000,29900,43200,93900,45000,16200,25200,21200,19200,11900,6310,16300,6070,13100,128000,1340000,190000,31000,34100,11400,57600,46900,35700,57100,41500,611,14300,473000,13900,3530,17400,18600,7320,5540,77000,19800,39600,33816.6666666667,24500,10672.8571428571,11900,2500,31900,5050,31600,42300,12300,2430,2750,4940,4440,15600,10500,14496.25,15100,5190,40700,1530,1410,10400,24600,28000,22200,8660,8660,21200,7710,32200,96600,33200,23100,6350,6512.85714285714,1640,6840,6740,4250,7390,21542.2222222222,350000,1e+05,16400,2918.55555555556,989000,213000,210000,289000,44200,97000,277000,131000,105000,27713.75,11800,4460,184000,23900,13570.7777777778,17300,7270,4870,5397.5,9050,11500,7580,4960,11500,7580,4960,11500,7580,4960,11500,7580,4960,169000,16000,31500,5500,30054.6,7360,3590,21585,3403,2874.77777777778,4940,138000,22728.6,30100,1260,33800,43200,11500,10600,21100,6960,25900,18300,8400,3880,6520,6750,6864.44444444444,2340,109000,4020,5270,77514.2857142857,4127,1800,1800,1800,19174.4444444444,62700,27600,14600,11300,11300,58700,23400,77200,4880,20800,10400,22200,8660,8660,21200,7710,32200,33200,23100,6350,6512.85714285714,1640,4378.625,6730,9390,11800,20000,71700,460000,386990,5030,34900,542,138000,48900,2830,16700,156000,13800,1800,108000,23100,4300,9660,116000,67100,98600,15800,13300,29000,5840,38200,30900,97066.6666666667,85300,4410,67600,891,53041.25,19000,2918.55555555556,8680,20900,14300,3140,31500,71100,1970,50140,1040,5270,4350,2630,1350,1180,3602.5,6680,33600,24000,12575.5555555556,8880,9354.2,930,13262.5,9400,19900,26300,1010,12085.9,56900,401000,66300
"29","Pituitary_15",4,3560000,1400000,2710000,508000,857000,574000,425000,270000,252000,1120000,316000,210000,956000,107000,155000,157000,163000,74200,90400,295000,4040000,172000,123000,586000,2470000,101000,1810000,81800,78800,212000,707000,27100,23400,168000,39400,746000,190000,6290,11500,30800,18300,166000,8690,13100,16200,88800,61800,964000,4780,11400,28700,8870,70950,23800,41587.7777777778,25900,92400,15900,17500,36400,64900,10500,78242.8571428571,20800,11500000,21800,30900,31300,52300,9820,4080,26700,72300,15600,18900,7670,163000,5110,9100,4720,5060,18700,6900,2800,4320,34900,4038.625,3370,6960,4000,4030,7530,9170,68700,1640,1150,192000,2350,108000,396,70700,12200,6270,5850,16000,324000,30700,2167.375,1100,167000,74200,77000,46300,3950,38000,22800,59200,48371.4285714286,66800,14600,54300,8560,47000,5880,10500,6530,15200,5550,10600,21500,14139.625,8920,7230,6200,9310,5050,11400,2350,3110,1340,1960,3720,861,2300,2070,2690,182,52300,16700,2470,70600,21500,11200,30000,12000,7560,5230,3170,5690,5090,1160,25400,11800,4020,35600,326000,6710,22500,20200,22700,13000,15700,8380,9240,7270,375,5870,98500,6570,4090,3050,438,2260,1690,41200,10500,27900,33028.5714285714,8480,9226.25,14300,888,8060,7420,385000,12100,1430,162000,92900,6580,6090,16393.75,101000,14900,6830,8470,68400,4130,5590,78700,23400,15000,30600,20400,20400,9650,2920,60300,4850,42900,51700,30800,3820,4700,7840,8590,14402.8571428571,3950,4780,141000,60900,6500,4582.125,1400000,66700,77700,95900,16500,24200,187000,36000,97100,18700,7260,54300,81800,8800,4800,36200,2370,1200,5025.71428571429,7256,21200,9150,1810,21200,9150,1810,21200,9150,1810,21200,9150,1810,63200,18637,13300,4460,1010,7450,1110,23400,2230,2820,8237.5,42100,51700,38270,78400,18900,19500,36300,3800,6100,12500,10300,2600,2850,7920,2830,12142,8516.25,7241.11111111111,36000,3580,5180,68166.6666666667,1600,4220,4220,4220,22600,87300,35700,29700,137000,137000,14100,11951.6666666667,58400,576,6930,78700,30600,20400,20400,9650,2920,60300,42900,51700,30800,3820,4700,3910,7800,26100,10000,12200,1510000,632000,1740000,7000,1220000,447,42100,1900000,3330,455000,2080000,723000,4220,183000,238000,229000,467000,1840000,1110000,1940000,2120,3950,305000,53900,17900,95400,198000,140000,4460,1410000,10922.75,49900,11500,4582.125,71900,30820,14801,66800,39200,871000,83200,62500,49200,27900,5382.125,2550,52100,1400,8750,36000,15200,3210,39100,22600,11800,1260,38300,24500,33400,1290000,770.142857142857,8880,21700,131000,75530
"30","Pituitary_24",4,9420000,2610000,2450000,108000,7900000,1400000,5220000,4270000,711000,41500,1320000,572000,1140000,1780,764000,133000,434000,140000,494000,301000,9630000,343000,936000,1070000,541000,321000,5190000,281000,187000,71000,1600000,24000,33000,2e+05,20200,602000,1200000,12200,16500,88300,10900,682000,107000,14200,22200,47600,142000,717000,126000,34281.8571428571,59000,10500,120000,82000,137000,116000,478000,168000,43500,39400,73700,145000,86200,371000,1.1e+07,56800,40800,66500,178000,10456.6666666667,4710,137000,179000,33500,258000,50100,28600,41600,26300,37600,14600,55700,58500,22200,14300,20800,10554.2857142857,16700,9150,9160,11300,15000,5070,27300,15800,7620,70900,9200,21700,640,26600,29700,1808,62600,17271.2857142857,28200,33128,4912.22222222222,3230,1e+06,885000,481000,1620,23000,238000,54900,155000,48250,22400,82900,61800,66200,51400,42700,64700,23700,28900,25000,85000,38400,54100,31000,37700,73200,23400,43100,4070,14600,15400,25800,26400,24800,11100,18300,15700,16000,5975.28571428571,72700,14700,885,416000,183000,77200,136000,76300,72700,64100,79300,59700,37000,16000,25500,12600,17900,229000,1490000,140000,46400,68600,27600,111000,67900,46600,77300,48600,1150,12600,330000,7420,17200,6530,3020,11000,6950,102000,106000,161000,197000,95700,63300,83800,23200,49800,8980,138000,117000,17674,24700,21100,12800,10200,12000,54900,11500,10800,10100,89200,8390,1620,35700,58000,35400,59100,9500,9500,18700,6190,90000,3540,72100,70600,38000,6020,3960,24400,17700,17500,25500,20400,634000,161000,27800,1970,134000,364000,322000,410000,70100,154000,619000,416000,314000,13900,49900,82700,332000,37500,20600,39000,17300,20900,17800,12600,21400,24300,3650,21400,24300,3650,21400,24300,3650,21400,24300,3650,299000,43700,28090.25,22700,447,21300,6150,20800,2400,6440,11900,135000,33800,82000,23200,126000,70700,109000,54900,66700,24900,105000,26600,23700,24500,21200,16600,9841.25,24800,142000,14100,9821.66666666667,183000,12412,3800,3800,3800,10500,109000,66400,43300,18400,18400,75700,34600,71200,3842.28571428571,46600,35700,59100,9500,9500,18700,6190,90000,72100,70600,38000,6020,3960,2930,12700,38047.7777777778,18700,25100,828000,1470000,692000,11800,406000,1040,135000,603000,18139,166000,927000,178000,3800,258000,57000,59500,104000,1150000,733000,899000,19000,23000,281000,1840,75900,18900,228000,297000,12100,604000,56400,33900,16300,1970,43000,11700,23900,22400,80200,723000,26800,29800,35800,5500,26400,51800,21400,2320,14556.6666666667,6450,46600,15400,13300,44300,12700,6546.625,13500,27900,40900,466000,308,16700,95400,352000,293000
"31","Pituitary_17",4,13300000,2740000,2410000,92600,6610000,1620000,6020000,5140000,727000,1170000,2600000,750000,1560000,1950000,706000,147000,832000,121000,578000,328000,5800000,370000,1160000,747000,423000,218000,1910000,212000,134000,93700,1130000,20600,29700,260000,23400,614000,1530000,2550,7210,92500,110000,672000,35400,98600,11200,105000,176000,827000,79800,34281.8571428571,46800,12600,155000,62600,87500,152000,466000,70300,37600,23100,122000,178000,116000,124000,9710000,137000,47400,48600,322000,18400,4670,80100,207000,10500,282000,26200,26000,14600,13200,33000,7120,8060,76800,8600,9530,21600,10554.2857142857,6860,9610,4460,9890,11600,9870,19400,9450,3670,348000,5180,21900,467,17700,40100,1570,22900,12700,19500,33128,1960,2279.03333333333,1800000,730000,319000,170000,10300,175000,51800,55300,48250,9390,50400,41700,37500,47400,30800,14500,24500,32200,9000,53800,36000,43400,22900,26200,44700,8870,22100,7090,6680,6390,13600,9910,9490,3210,3840,6890,7240,6230,19200,16057.7777777778,1230,436000,88800,59160,38800,39700,52400,33600,33400,20300,15000,11400,50100,16400,9410,207000,3380000,272000,16300,53700,18900,165000,113000,63800,76700,159000,193,17000,569000,15600,4900,18800,2230,5480,3010,95700,58700,154000,76200,19900,13600,34400,2500,46300,14300,303000,133000,17674,91700,72400,20900,31000,23000,184000,54400,14800,9190,127000,3470,54.5,36100,36600,22200,89500,10100,10100,12600,6190,167000,1780,54700,118000,53500,10900,2290,4980,8180,3780,8880,19300,305000,70100,13000,8250,833000,312000,409000,420000,32400,99400,462000,275000,170000,10700,13600,20300,3e+05,13900,23200,20600,8520,8690,5610,16100,14200,13100,6992.85714285714,14200,13100,6992.85714285714,14200,13100,6992.85714285714,14200,13100,6992.85714285714,150000,26300,64900,8380,4860,6730,998,41168.8888888889,878,1460,1870,42900,79606.6,68800,21408.75,74900,72400,91300,54700,32400,13700,112000,9940,12600,4120,5160,5910,5690,2790,37000,18777.7777777778,5450,137000,12412,10286.6666666667,10286.6666666667,10286.6666666667,34377.5,82400,58400,42900,23500,23500,86400,35100,59100,2660,32600,36100,89500,10100,10100,12600,6190,167000,54700,118000,53500,10900,2290,3060,22761.4285714286,28300,23300,26200,318000,693000,358000,52115.5555555556,167000,852,42900,275000,3060,66900,367000,105000,10353.3333333333,256000,45300,19400,71400,565000,321000,441000,7480,10300,157000,13100,46540,70000,82500,174000,4020,301000,1760,12600,21700,8250,11000,36333.3333333333,24900,9390,26800,357000,10800,11300,23640,6010,1980,15800,3680,368,14556.6666666667,18736,19800,29449.375,5390,1380,7500,6546.625,4720,8620,7500,209000,926,21863.2222222222,23000,239000,140000
"32","Pituitary_23",4,959000,904000,461000,611000,1100000,570000,460000,297000,250000,5e+05,279000,62800,429000,113000,57600,50600,61200,34700,103000,263000,3400000,151000,118000,150000,263000,136000,3050000,55900,68600,93800,723000,15100,94200,124000,79000,519000,164000,14700,17400,11500,116000,208000,8740,22400,45800,2160,40500,457000,43998.75,12027.1428571429,26500,1800,24962.8571428571,29600,39300,17200,97400,13100,29600,39500,20100,17700,26972.8571428571,137000,4700000,7570,29300,61400,23300,14168.8888888889,1430,41700,41000,19700,20000,13800,26100,9113.33333333333,13300,3300,6235.3,16800,6760,1320,2780,12400,2600,3970,11200,7034.8,2420,4860,9120,3790,2490,1570,723,3030,22700,19400,19000,13700,1960,16314,7941.625,77700,11200,295,1794.3,282000,279000,138000,90500,9150,62900,65600,43800,36400,12800,22200,24700,10700,39700,20700,36400,17400,20600,16400,1090,17700,14000,16500,14300,9330,8630,9440,7660,4290,6380,8760,6020,6790,3370,9190,2730,5470,1200,24800,8780,1654,136000,44100,37200,103000,35300,15115,23300,14100,26100,19100,3741.77777777778,8660,20542.5,1950,49700,647000,47300,14800,29200,16587.7777777778,14700,23600,17100,25000,16700,425,9790,241000,8460,10700,3000,2560,3390,4080,31700,42400,24000,15441.4285714286,17200,11418.3333333333,9580,7130,15700,4610,22800,27000,19066.875,11000,1160,846,2600,2150,29500,2950,7937.5,3220,71284,2030,2740.56666666667,7430,14600,9310,11800,956,956,4990,3890,18100,8266,13300,7110,5810,5247.14285714286,1360,19500,9193.33333333333,10745.5,8610,36300,231000,39300,5690,2660,1390000,70800,99410,84900,35200,64100,288000,97400,129000,52600,11500,38300,134000,18500,14900,14100,5070,3350,6090,4050,18800,6470,2820.83333333333,18800,6470,2820.83333333333,18800,6470,2820.83333333333,18800,6470,2820.83333333333,90700,7100,29300,5634.8,23853.75,10800,4560,13900,2810,708,5220,176000,8710,30551.25,11673.75,32000,29700,21500,10500,21500,12900,28954,8670,6320,16400,6330.22222222222,4600,7640,4600,49700,6410,3100,95300,4960,26567.5,26567.5,26567.5,13100,122510,26500,32000,25458.8888888889,24581.1111111111,19500,22600,45300,5250,9690,7430,11800,956,956,4990,3890,18100,13300,7110,5810,5247.14285714286,1360,5330,11900,13800,13290,19700,190000,657000,4000,18700,88100,413,176000,96000,5700,60900,133000,18700,26755,89400,29400,51200,23100,133000,85800,153000,27986,9150,14900,30533.3333333333,37481.6666666667,7880,11500,73200,11500,120000,6550,24019,13127.7777777778,2660,5150,26700,11500,12800,18200,79400,6830,17558.8888888889,7650,4940,13200,7810,4910,7273.33333333333,4140,2560,10400,15300,2580,33200,2030,9615.14285714286,4550,10700,11300,139067.777777778,1009.16666666667,30400,31500,177000,49400
